Filename,id,sess,group,Right_Clear_Label,Right_descending_corticofugal_pathways,Right_substantia_nigra,Right_subthalamic_nucleus,Right_molecular_layer_of_the_cerebellum,Right_granule_cell_level_of_the_cerebellum,Right_alveus_of_the_hippocampus,Right_inferior_cerebellar_peduncle,Right_cingulate_cortex_area_2,Right_striatum,Right_globus_pallidus,Right_entopeduncular_nucleus,Right_ventricular_system,Right_medial_lemniscus,Right_facial_nerve,Right_anterior_commissure_anterior_part,Right_anterior_commissure_posterior_part,Right_ventral_hippocampal_commissure,Right_thalamus,Right_septal_region,Right_optic_nerve,Right_optic_tract_and_optic_chiasm,Right_pineal_gland,Right_inner_ear,Right_spinal_cord,Right_commissure_of_the_superior_colliculus,Right_brainstem,Right_hypothalamic_region,Right_inferior_colliculus,Right_superficial_gray_layer_of_the_superior_colliculus,Right_periaqueductal_gray,Right_fornix,Right_mammillothalamic_tract,Right_commissural_stria_terminalis,Right_deeper_layers_of_the_superior_colliculus,Right_periventricular_gray,Right_genu_of_the_facial_nerve,Right_pontine_nuclei,Right_fimbria_of_the_hippocampus,Right_fasciculus_retroflexus,Right_stria_medullaris_of_the_thalamus,Right_stria_terminalis,Right_posterior_commissure,Right_glomerular_layer_of_the_accessory_olfactory_bulb,Right_glomerular_layer_of_the_olfactory_bulb,Right_olfactory_bulb,Right_corpus_callosum_and_associated_subcortical_white_matter,Right_brachium_of_the_superior_colliculus,Right_commissure_of_the_inferior_colliculus,Right_central_canal,Right_interpeduncular_nucleus,Right_ascending_fibers_of_the_facial_nerve,Right_anterior_commissure,Right_inferior_olive,Right_spinal_trigeminal_nuclus,Right_spinal_trigeminal_tract,Right_frontal_associiation_cortex,Right_middle_cerebellar_peduncle,Right_transverse_fibers_of_the_pons,Right_habenular_commissure,Right_nucleus_of_the_stria_medullaris,Right_basal_forebrain_region,Right_supraoptic_decussation,Right_medial_lemniscus_decussation,Right_pyramidal_decussation,Right_neocortex,Right_bed_nucleus_of_the_stria_terminalis,Right_pretectal_region,Right_cornu_ammonis_1,Right_dentate_gyrus,Right_cornu_ammonis_2,Right_cornu_ammonis_3,Right_fasciola_cinereum,Right_subiculum,Right_postrhinal_cortex,Right_presubiculum,Right_parasubiculum,Right_perirhinal_area_35,Right_perirhinal_area_36,Right_entorhinal_cortex,Right_lateral_entorhinal_cortex,Left_Clear_Label,Left_descending_corticofugal_pathways,Left_substantia_nigra,Left_subthalamic_nucleus,Left_molecular_layer_of_the_cerebellum,Left_granule_cell_level_of_the_cerebellum,Left_alveus_of_the_hippocampus,Left_inferior_cerebellar_peduncle,Left_cingulate_cortex_area_2,Left_striatum,Left_globus_pallidus,Left_entopeduncular_nucleus,Left_ventricular_system,Left_medial_lemniscus,Left_facial_nerve,Left_anterior_commissure_anterior_part,Left_anterior_commissure_posterior_part,Left_ventral_hippocampal_commissure,Left_thalamus,Left_septal_region,Left_optic_nerve,Left_optic_tract_and_optic_chiasm,Left_pineal_gland,Left_inner_ear,Left_spinal_cord,Left_commissure_of_the_superior_colliculus,Left_brainstem,Left_hypothalamic_region,Left_inferior_colliculus,Left_superficial_gray_layer_of_the_superior_colliculus,Left_periaqueductal_gray,Left_fornix,Left_mammillothalamic_tract,Left_commissural_stria_terminalis,Left_deeper_layers_of_the_superior_colliculus,Left_periventricular_gray,Left_genu_of_the_facial_nerve,Left_pontine_nuclei,Left_fimbria_of_the_hippocampus,Left_fasciculus_retroflexus,Left_stria_medullaris_of_the_thalamus,Left_stria_terminalis,Left_posterior_commissure,Left_glomerular_layer_of_the_accessory_olfactory_bulb,Left_glomerular_layer_of_the_olfactory_bulb,Left_olfactory_bulb,Left_corpus_callosum_and_associated_subcortical_white_matter,Left_brachium_of_the_superior_colliculus,Left_commissure_of_the_inferior_colliculus,Left_central_canal,Left_interpeduncular_nucleus,Left_ascending_fibers_of_the_facial_nerve,Left_anterior_commissure,Left_inferior_olive,Left_spinal_trigeminal_nuclus,Left_spinal_trigeminal_tract,Left_frontal_associiation_cortex,Left_middle_cerebellar_peduncle,Left_transverse_fibers_of_the_pons,Left_habenular_commissure,Left_nucleus_of_the_stria_medullaris,Left_basal_forebrain_region,Left_supraoptic_decussation,Left_medial_lemniscus_decussation,Left_pyramidal_decussation,Left_neocortex,Left_bed_nucleus_of_the_stria_terminalis,Left_pretectal_region,Left_cornu_ammonis_1,Left_dentate_gyrus,Left_cornu_ammonis_2,Left_cornu_ammonis_3,Left_fasciola_cinereum,Left_subiculum,Left_postrhinal_cortex,Left_presubiculum,Left_parasubiculum,Left_perirhinal_area_35,Left_perirhinal_area_36,Left_entorhinal_cortex,Left_lateral_entorhinal_cortex
/home/torgil/tmp/rotte/git_base/img/crop_whs/Control_1028_Scan_1_SPECT_artifacts_cropWarped.nii.gz,1028,1,Control,93.1825548176824,154.160673714176,136.274537795008,164.326384449058,208.364610623434,218.621767409616,176.63953698967,161.984784951401,192.051363090716,179.226678197764,176.786828370427,165.731859220053,190.379122188894,153.36914601383,164.808759068982,184.652483789496,171.249914200741,174.777774723969,185.951857591629,178.116783986328,117.499245569487,162.817309548653,135.713347277032,96.1130307359143,NaN,170.353853284585,177.899647998548,192.874022761763,179.208205980263,218.840004705386,180.227059479568,181.858824085292,197.180865779105,188.145791007124,206.671841850173,225.732837961297,191.697394440023,165.826657696047,181.721485044615,165.657466780442,198.354414277582,164.601809211854,147.714872155154,177.923562120553,164.084850085053,169.435240498014,189.34691156617,168.45704610216,133.525947124212,NaN,122.412950127594,182.205242109481,195.215421071759,151.697295286927,157.520097430026,130.479544082243,157.034455109006,155.335186098692,144.518820524107,134.897490903131,176.399089509782,176.833729557948,183.267348102336,NaN,166.198334142941,172.921194045161,175.962743047298,179.172659801358,213.026172417823,206.026253648789,224.52084213902,203.662998855622,174.413102011515,206.577492273979,198.45299974394,208.148950710682,190.220288832265,190.286141601734,188.94531106113,200.536084957162,173.394237270665,NaN,159.876348285046,144.841591794649,162.135644915158,201.671212792267,210.359054040172,208.082016031426,157.789111899134,190.902584905149,190.39962689203,175.556185132483,155.635591396004,184.411682583698,159.177323512464,185.674552870498,187.844725158612,201.259783576359,171.829876279501,182.516563434496,187.174947623472,122.94601080361,153.204619770175,123.83276272463,101.276927864046,NaN,176.740893398568,172.392146486379,170.06533514584,207.561397372671,190.336428822212,173.603297537614,172.231281830815,180.053304355801,168.565170620876,178.729468000802,216.640548623246,161.926156146013,167.393307895387,184.355904495258,151.763747147088,179.320317421552,176.426210936325,143.276474626556,184.162645334143,169.766897583746,172.133657688218,188.462073119247,163.302926493799,150.998141364179,NaN,125.130566431572,158.582017980447,191.93170951277,153.531479120079,166.644220636404,130.909552189026,162.253399649631,162.123849184713,150.544927573771,144.13606298144,157.399552388999,175.331424439664,162.012302250684,184.008851196728,175.489524542616,175.657693893106,168.8252493111,151.051269547262,203.330125111913,201.213043461699,203.243357001042,208.576547526335,189.918131616081,213.584506398444,192.684077682653,203.30663082186,197.537152646696,195.054606331413,189.973541566885,180.972062625706,187.366354090837
/home/torgil/tmp/rotte/git_base/img/crop_whs/Control_1028_Scan_2_SPECT_artifacts_cropWarped.nii.gz,1028,2,Control,170.308649150678,295.187525099491,317.727547416381,294.504170111425,399.103698759691,413.537297819303,382.379211536021,314.013174053313,382.601031153878,335.632068160474,271.136176320623,271.891376904432,412.953056652311,321.052370925438,275.172105714957,358.072386380258,342.838400610008,330.084431697901,351.378581401986,333.907094200471,216.174588041645,295.626379467234,320.515250425751,186.675084381691,196.533061505832,393.85602927211,298.974143744279,338.287745452088,522.008307846983,526.618168128251,349.939771991754,348.941312103172,332.339474076614,295.005537298216,469.147754126441,381.325526902798,412.941966136229,196.65241592332,335.382881373476,296.703981538464,325.626582759563,341.033534872612,344.942670658917,363.201483747249,283.687435886352,314.476821939422,360.489863095528,433.379245388076,457.154557270294,NaN,280.475828566467,389.458266205372,364.043815104202,245.629798456923,269.608382656911,225.051944014261,309.799147607349,283.506534529041,211.514299290769,404.025272362775,320.214622228979,320.882184534506,315.221313071144,NaN,222.30687108071,334.091646904282,333.767166176316,420.757452849434,387.545024152749,379.874717261013,384.293699631787,375.681715978224,418.715073779667,381.178587207974,360.778497526138,416.707495133351,377.232140102208,359.916034431771,338.361354872214,382.037108413005,329.256694817718,NaN,330.688098236163,328.41599567855,425.198301634049,393.727261927758,411.437608242699,521.480599959053,328.750408029686,392.603800355881,372.133970717942,320.513872599704,365.641284946094,425.330771814372,346.158803111929,342.165227049988,354.183648193539,371.37754159797,366.123912860418,345.054217946269,364.693184803773,225.943158250784,322.643679588075,298.115134863676,152.020378610158,203.176138716495,391.735641414654,323.942715881428,383.992773041632,448.949750737581,459.153617461372,338.384061235994,376.648738075134,416.832476241963,373.40208978772,420.177584541168,387.256005331758,427.4326440136,260.16101055789,370.925683067111,309.793522021131,361.318551949528,370.629706143618,292.500508818514,353.973538938976,283.849765237738,311.21396230324,423.625143611927,359.976830048893,395.438837165957,NaN,303.359979341304,402.335338364683,336.147823123597,260.667558775132,294.392564291062,233.555312033664,303.034181262617,281.440283773547,267.931784720999,379.341666153875,419.975682077366,367.828318980287,370.057352351353,233.980454632197,221.184829128472,357.016190357793,366.731446488395,309.77845501841,456.008824294939,428.607890684261,461.858345049134,436.915024874644,416.165583210381,418.926837167481,348.417602538534,415.555561510526,384.995897261586,315.309242925775,344.924044705124,340.926978441891,295.191384962432
/home/torgil/tmp/rotte/git_base/img/crop_whs/Control_1030_Scan_1_SPECT_artifacts_cropWarped.nii.gz,1030,1,Control,92.407839503538,190.892547427219,195.24174180699,181.362826186326,275.841643408583,288.804387177531,191.111004194577,173.222705824761,236.667716166424,233.751543162767,209.63413276413,196.514167452068,230.693510325837,197.614058605423,209.136678449078,250.01655651567,237.163457097201,198.709098080738,209.617296423179,250.772590390786,127.177474107084,180.342977782008,178.331486551347,88.2458511429243,135.598089518787,263.885647702097,200.551159264504,213.085602962825,244.476469412561,254.85242018939,223.373892578324,229.943029913033,209.690960064534,217.515931954306,236.228496909659,244.926554305023,230.475410599599,197.643040735112,205.518944215314,213.804435212939,211.840651115294,195.269457405799,258.240296655092,207.13111906143,188.70297225896,197.080964654665,241.741824154103,252.172370806461,209.632655905761,NaN,179.167742811754,208.180291168294,217.04294488123,161.930013235059,184.870796840581,127.264926517257,192.306835434227,184.852549517835,187.159418475557,257.395677744785,235.331274256457,213.471161348314,193.842370225083,NaN,168.1684689972,215.345759242372,240.203319214577,238.686267219956,220.724058867224,245.329846056542,237.374334867931,260.378595628528,249.310329846453,256.742053441435,209.285703471711,243.77220107464,202.304616135387,218.290096719662,211.215844086855,198.66483241582,201.852267095848,NaN,199.731482133781,183.598691266881,202.433764419797,287.729014113164,299.655579991058,211.727162759732,162.638729479141,233.237066735937,243.491639752097,224.962788571996,245.354358627651,249.684586566534,196.676725912395,187.702799575244,262.98645656421,285.606674185135,206.434146027401,218.249697315034,243.346487303873,134.253076871227,191.983041546951,182.757900452604,92.8561031036947,126.199541025006,264.924826524714,194.854902609728,223.874763600568,314.505412061729,278.727960742436,237.837003052016,237.24402254054,226.513691565816,243.775768174205,272.730413010338,232.700475132075,210.508101640067,188.572399002023,223.790241960415,211.754351762211,217.078887297102,203.587062624746,258.311971928669,236.404609908155,191.394887072854,211.948899728803,257.074332141811,282.146320599387,237.79608512189,NaN,175.862625187241,204.871661249505,245.978912920633,175.860713570219,148.262046514338,129.333316268254,194.078762952128,187.361394719824,179.676986240368,256.099128263027,271.38059237163,238.554175416438,214.366750914018,174.073709655181,155.494604914976,221.910232153653,247.445097502437,261.841387891451,253.74731309506,285.098772702021,271.527868612557,286.731702925076,255.160570340609,289.849769586491,234.837450550943,307.273450256105,289.404508294106,214.703195691605,219.217079716615,254.515508809765,204.729942802508
/home/torgil/tmp/rotte/git_base/img/crop_whs/Control_1030_Scan_2_SPECT_artifacts_cropWarped.nii.gz,1030,2,Control,132.472772893532,252.078240396398,275.724349756832,305.487046299224,343.478413116576,356.119151542375,308.656313946494,268.035872103359,305.010592497517,279.68951505293,249.966752919239,271.488941468155,305.506055880648,284.464989555669,248.882086453328,303.037462913369,273.383096404837,301.653067257454,293.150135648748,313.47553493319,200.495522943474,254.572947706355,280.375215909567,127.226621884112,193.333636519475,302.10520031308,287.266994525165,321.806053901827,364.879770950612,288.735745483188,296.316246357411,320.093099482817,346.579327525979,287.092514645289,276.172854548214,398.329792739396,338.775996057791,218.652838254249,285.10670372649,309.092748050765,306.327913170382,265.666755072377,307.431377282175,305.276549102245,242.476373244841,266.357003139438,311.143217648723,352.17997338715,328.976918936155,NaN,278.560402527996,321.881634487554,323.451220288835,232.457483079299,263.326084928939,179.753428874522,279.724872605102,224.137620390243,222.240425783368,332.961304797566,285.928897526427,272.644523211006,275.459333806629,NaN,247.910189881252,281.32458815766,295.668476882908,299.673209951931,323.277408076369,321.552421948548,337.36255340503,346.12360424905,349.439759089903,326.134541285339,330.20699527666,316.66024438712,316.198618318425,291.774674083564,279.974918423309,334.720811840579,272.294825611232,NaN,270.569027755052,261.595033860931,333.583822506587,369.17659215611,379.515470904081,280.37207428225,276.630482818995,303.036113347285,296.331981496912,282.746139866016,305.853423978007,326.499418477378,290.644090778893,296.189765527614,335.835963241494,343.981301305327,300.438643380732,292.452761878847,315.561951025901,222.060605305685,255.565757934826,294.485891687643,153.17424963271,193.890855875403,296.947311569478,292.226217954805,330.01057991956,376.642248459425,333.493511727188,290.199962610881,331.305614104638,353.125515072258,293.075093601566,303.438356094724,387.200769596631,356.837303575688,255.178295961471,298.845930717125,296.877135678839,297.092023553612,270.174122348489,300.065338999186,297.622245772378,247.003675799143,267.201468949552,324.116519670645,341.681795498325,343.05293762182,NaN,281.750535681375,319.561350804774,300.537925211883,234.86439571791,265.238898558807,194.635021315468,269.863772283407,251.261002599513,252.955729978411,324.827917699887,360.553278523308,305.071846371172,278.968913124419,249.75186599967,245.331865344481,290.178416328709,329.731027268177,311.744740338737,323.893348885044,339.766878444223,336.533315170865,355.698863309694,338.084591097453,335.381076308353,312.704272906699,327.921563902589,308.709676826351,283.964392891455,289.474841260709,290.883218530929,262.833563136517
/home/torgil/tmp/rotte/git_base/img/crop_whs/Control_1033_Scan_1_SPECT_cropWarped.nii.gz,1033,1,Control,257.924963460892,632.53934200857,677.844508244081,722.55378799706,712.930958751356,734.066100738033,695.812815794003,551.340618084526,949.68668195644,773.135727869082,662.419017006662,628.171198343639,727.876982788674,706.615365755883,604.424393347989,781.297158354286,677.801090919204,607.406152819471,730.529558154453,649.088804142552,425.497616674948,584.44090246864,618.797626024883,281.932560635549,464.667743003772,741.184729532695,679.111838246678,728.474058904254,775.011761840052,766.42204580131,776.061847512736,659.10348212335,828.67580646647,637.727782844784,778.633301384686,787.881739233931,767.181341357086,614.298110626884,657.862077220433,763.974754914992,649.379310239129,680.458855471802,730.572870091113,732.789280926691,560.970653268903,674.573885953974,861.328924013071,868.647465815588,761.085104093259,NaN,708.944019624415,768.312623848632,832.991484171702,572.974582404623,605.902367804265,406.508787149807,620.589971907844,529.766960348331,581.677301304628,770.391745637763,664.125901587171,693.275925011775,638.694156198642,NaN,536.105074871503,764.431727187196,638.65003118858,741.59588004324,690.80004059143,745.574298010822,764.533774761899,855.853982824598,866.25274375765,867.301014115974,861.835595813817,909.516902622479,801.367793705064,737.610878626794,752.792255255763,778.306753479851,668.290122615998,NaN,661.937737940819,612.687253921591,803.984627935224,713.87980894285,737.867603953641,768.45684113601,622.45069056466,932.837429172295,793.247339882427,776.749695065442,747.194491283143,759.475012331478,767.87777230209,636.778444670856,755.820077676652,814.517581400118,572.495603706454,741.668747264251,623.602908636862,442.827218460795,596.377443433138,646.993810877134,290.975377774051,449.201356603679,789.245903510324,686.532275731392,730.595840993003,882.233179790565,877.768502828099,783.810733772742,672.445376415196,838.157402161757,703.370841153582,845.086493687242,815.227029376607,832.357212322478,613.232464518928,620.870176038259,825.962861050958,646.193012015147,686.166498672308,750.868812741792,703.361563098903,566.102993505748,667.70822887954,862.74744194833,797.547635575869,782.887182489465,NaN,666.135691511933,840.264648092927,853.462798510725,591.646489765599,641.931518153534,396.136296843219,624.580438765309,560.351588363574,561.995248171607,788.908159192098,847.717068061733,755.362572067773,681.403533603933,572.922656017159,515.923583284311,784.128993620054,712.071838078719,819.761465246238,768.782283547787,833.515763060371,837.457119632598,895.275721421299,854.172214955187,909.928643613211,845.919834506998,907.295095372839,823.073514000422,788.503468957368,776.06440913586,818.033477933294,701.324603548472
/home/torgil/tmp/rotte/git_base/img/crop_whs/Control_1033_Scan_2_SPECT_cropWarped.nii.gz,1033,2,Control,376.095208950184,887.695883407384,878.56704795285,986.977239401891,1018.60797270546,1067.54544204906,1035.9916470235,869.191452956582,1423.64167390287,1058.71173854716,941.733668492937,896.538203356253,1119.67569249632,1043.64968783674,914.063375745611,1062.57069177774,944.596049626803,1000.05852735649,1087.80925629382,993.687930754249,650.797305356034,817.188716978625,923.968070845155,402.60012277528,676.745310684751,1188.11008298289,927.387011431641,970.447742151102,1337.25807691062,1321.42440663576,1090.36545718254,938.660313622919,1175.6541523014,919.765033173077,1223.89040219003,1089.14400134665,1119.75829452252,790.946621843098,942.897817820557,1149.33350720776,1017.02884931156,932.320598689856,1121.34517078959,940.926573861639,822.678019070119,940.955976858209,1239.72450917426,1141.81173644243,1139.19923483296,NaN,935.798578433829,1095.95183024702,1223.47102066897,789.413681286302,807.017747428925,566.052386268009,892.685128183167,743.916013375376,740.065926110176,1056.42657485674,913.563730450409,953.323524397586,889.072876094244,NaN,768.391982140597,1075.03530629026,937.95556676085,1199.55852588165,1098.42086525152,1144.83016290258,1187.39624993083,1270.05736938758,1159.65108127042,1281.30100329541,1164.36459779744,1416.47805291401,1262.79977399178,1013.93830184017,1030.11655900369,1151.9345787913,962.627656404635,NaN,869.971871439412,886.293034399829,892.254903536018,1053.14528077203,1103.00893100491,993.553469609461,798.351629612214,1442.58563693756,1120.69256482721,924.197211276552,851.216927131535,1120.10865750569,1024.60320240452,944.113366936032,1081.08998967241,943.257817904445,1013.87398463497,1067.52535612895,1028.13200068441,705.194688190621,793.399135557394,897.949980707599,383.262814844958,671.099716363839,1238.75508564906,929.66389751982,968.489729438437,1322.31330606611,1343.88071983139,1097.69340208473,914.901699050123,1147.07130706323,893.505954917755,1243.72561621731,1090.92302529146,1141.60658457478,830.309351859902,971.149995316446,1221.21667232907,994.525790304695,880.310715469334,1153.43468270959,950.789201673027,814.200834972986,956.366127371694,1281.93560711315,1133.35159810574,1080.41283392808,NaN,951.893625401701,1073.89196446085,1276.34416782087,815.517764669468,814.753230117524,567.551084797096,907.336600964242,786.355032616372,771.970204354923,1059.23174003795,935.123883672484,964.269558401267,841.485410556899,816.250737051374,749.086101941677,1093.09003655295,882.884450288795,1184.12784732307,1087.85222246982,1146.86162591715,1191.51410199128,1281.85874946332,1155.60276237354,1284.98513288637,1183.28316070621,1377.27797187601,1298.9286325337,1092.47313015576,1079.3773785933,1167.50376580184,1004.99519291047
/home/torgil/tmp/rotte/git_base/img/crop_whs/Control_1034_Scan_1_SPECT_cropWarped.nii.gz,1034,1,Control,280.966355890699,673.047835415564,685.969891142132,757.649767435203,780.051766424022,809.974462227676,699.476276235094,671.768586301126,1026.82634954268,808.461981609971,697.973951842817,710.871182603254,797.758875162379,762.040822421101,661.927777762115,788.923901068437,708.387312643737,714.628928186351,788.431060450911,722.751575415426,472.58053767918,615.620972364895,660.821463971572,290.134036604014,594.062535910376,757.416716131737,714.39772127291,774.862359998638,869.792019973592,962.636706465051,761.880912710206,674.097193408839,876.606317113325,682.441525126344,882.447161596116,859.733787809174,824.353831323466,643.598212623558,685.231968408275,767.702393773046,698.317460686952,697.491948356907,716.747081707966,760.29944590136,601.153579787537,708.278991353507,899.241010976927,816.993150514484,768.335146324522,NaN,655.963317205587,819.391288211911,918.98649525498,598.905306618602,659.507589620331,426.956077439429,696.651355944393,577.805970976778,585.078565076066,786.078690406976,649.132187858154,715.315471619415,671.755026571096,NaN,699.098538000789,814.009066040023,658.879492715781,751.051437286574,732.190052711999,789.089803489372,790.623093529221,883.529114459238,878.641803209408,865.417421561276,841.765608359678,887.707611268417,799.901964270157,754.699368837898,777.981565589569,778.328714509897,698.702042804118,NaN,664.962626283408,668.728548913379,821.852248359538,766.901436143728,787.969883646111,799.127021494162,623.709627373867,1063.6180513295,837.082180804048,698.081464635824,621.826206958077,834.746132508958,780.68703083844,654.433903102627,785.13914425304,793.414821048839,745.669036741547,790.952355431826,757.406866955715,492.255093838287,625.025394081663,674.209213042258,298.540634889088,591.68237175609,809.764131804091,708.646550050649,796.35935505169,900.809615820752,976.68893748138,790.261763769159,692.041602575994,877.334649199641,714.481574454344,924.400319925897,816.727316066071,769.328746225568,661.46526835349,783.799188978798,841.938698690103,744.438575986435,716.362719646077,749.212577465713,728.186819295204,609.725859837943,722.137511863677,952.081492611137,775.788045374401,785.879214925747,NaN,650.614803596976,744.670552429821,987.070147146792,642.388393878922,665.616565509206,437.796655619967,688.261718972944,623.63298951591,591.468407761781,817.629027854532,699.738436719037,760.938127364026,702.038906803108,706.100501763945,692.733686385743,836.153102795059,662.828405583891,797.861914289161,799.000271567808,803.824739348078,872.178614037558,900.248793666471,889.890026795568,918.23069740575,866.996504234857,967.722410160904,877.472692483356,791.362046818524,798.90550398977,844.257972886944,744.603156341479
/home/torgil/tmp/rotte/git_base/img/crop_whs/Control_1034_Scan_2_SPECT_cropWarped.nii.gz,1034,2,Control,393.691072477801,890.620078766092,913.447723379913,1020.31503720508,1064.68383117582,1097.78926520983,1025.05575471568,878.719532257974,1514.59834666228,1087.91850425446,911.342070861538,863.273897285676,1105.60842763854,1053.93745863488,919.853589581707,1052.9109350453,917.796026652547,927.841542898008,1036.45253026658,1007.14797096268,670.718762458839,838.549166502654,1000.57989442625,412.75700172558,724.349184860069,1157.25491287147,971.8158103649,1033.95513134668,1216.28272654854,1290.74730944713,1051.53144766761,906.349137702253,1076.08231279995,916.995394144003,1158.02591624468,1204.58389248711,1362.11745860462,860.962942818062,943.849644805064,1162.68573650469,919.584145609747,947.902882365304,1144.82311654351,935.104426527414,795.794887691869,923.308394396203,1249.79051686218,1112.30504795013,1016.30414058723,NaN,911.121047808223,1305.01980149266,1230.76856173636,850.633485421763,836.981378128663,600.798312399727,927.974817829574,788.772461795616,794.323661993238,1089.01918221893,919.490349752401,955.54143178033,931.736360961089,NaN,907.556156176432,1098.91101822148,885.188922587967,1200.098671745,1073.47052402087,1104.32275450891,1166.37015110946,1228.07764950348,1183.9330765727,1197.0838730669,1124.59862846691,1217.85631702772,1153.58719438972,1048.53016903835,1070.72703474156,1125.5952125095,962.242042590672,NaN,884.725236093995,868.520327544083,911.139209163396,1107.57593014296,1128.39484935903,1201.69499009807,810.241839660023,1496.32285336672,1148.05494136864,928.222729226516,833.298436932526,1146.81468757782,1013.88177232456,966.033042181126,1124.59638639575,976.923837049244,977.083469766679,1018.90674845199,1088.73298425901,718.441318150447,827.082533043732,994.051090646656,418.327461385338,708.399815272824,1162.05703920084,986.215288603624,993.534320231299,1249.88958356186,1310.13373094166,1093.68472548009,886.028718476576,1049.8271540361,995.333716606262,1207.68535422441,1195.17821592312,1286.35585637506,854.453929653855,1046.06479632789,1183.64076958696,978.692820954119,977.320282883182,1118.70008420581,981.619093104325,801.127792600449,947.312473313213,1302.1209927205,1121.00255077121,1036.73999664968,NaN,902.917112764675,1234.00933927718,1263.8092342309,830.376428872392,907.889702904297,586.327176928698,963.417941675818,814.468611172085,783.869965394802,1088.43794620255,859.489058182714,969.911458686614,900.997884072345,971.89896916521,869.523382631822,1117.1983118738,917.671453074163,1072.97265629316,1121.42670912259,1140.96850712114,1253.66233522452,1290.94510736515,1187.54361026957,1231.70367065678,1141.25892266071,1284.021423549,1216.12957667075,1091.16940057564,1090.12827852521,1131.52795011542,997.193727057368
/home/torgil/tmp/rotte/git_base/img/crop_whs/Control_1037_Scan_1_SPECT_cropWarped.nii.gz,1037,1,Control,248.15411748673,708.42898842238,655.766410412463,701.091479364166,799.736868081446,838.312929542362,884.281908999148,598.112212504362,1160.97202930557,902.080087036064,793.43769241372,679.84602809428,925.99698373003,782.12946843142,625.167433723313,926.887354002813,800.835176855101,836.282068130708,863.322419625825,804.661284692985,410.970689101571,639.508390037023,755.141737126353,279.047731792292,534.732280687011,815.905951573395,713.22157185649,754.865452266472,1054.09444643086,1108.18587179131,796.746323875872,746.389635028768,876.26282258777,731.557305843349,970.334516471179,833.835206406754,830.957724516232,658.7116176573,798.551021611394,794.464521441475,821.255662808052,823.925590918473,747.995563377501,682.505632189864,629.834791504675,753.201584731019,1032.00888751568,915.820348341561,930.991391748872,NaN,737.960025500275,810.219667587801,891.917403867339,616.977861921369,603.657936152629,401.496839368938,650.683933288617,561.384548939001,577.567264592482,824.053664812109,812.294607839445,782.644629251863,713.317131191795,NaN,669.874545904435,859.470176947577,744.987870472327,909.210091945352,867.403802041984,932.15890066773,975.4488454223,1059.46789877589,983.489527717452,1056.52458785205,911.955631955628,1111.77576604389,980.760278086421,807.843694356675,819.678288214765,854.54951023059,715.686048390165,NaN,705.059859847016,685.704195653168,676.427468629493,798.653444019099,842.692417052437,900.867771107698,661.313144023512,1162.39265508478,944.093142930892,784.276064753402,666.709999360099,950.422538135764,794.767488289809,667.980192666002,948.191393576616,870.577477262271,866.253177285852,854.069571785916,889.260232952818,448.05131519044,602.332054137355,741.222109049324,279.16755528258,556.173360493637,843.072790209767,721.095069479297,760.190183045266,1037.22638357564,1089.38583141699,811.425644058128,749.295136443647,887.753914721347,806.862178842102,942.497549999406,814.408791492992,806.688742497004,677.634421590515,891.939978463355,849.154829666247,856.446033356595,827.039846832174,768.394496085371,703.120516809319,635.437673054683,749.869082174242,1069.03309516531,1012.17652197097,894.367154432585,NaN,729.150406439196,798.246015107798,930.759245253375,611.337926587501,641.364445584001,413.224060665979,663.236562428451,584.963755565279,587.124755170671,831.840792828301,776.220521003986,788.939262099475,671.399147794424,718.797223724499,683.028739320031,866.204512586647,807.756210339254,879.329900685681,916.098511396186,989.960166166923,1016.08737829833,1111.07549688396,1019.83145098354,1093.69564983651,932.079173439085,1163.89005272629,1059.77282925532,866.821341345184,839.538099566195,903.789254448932,750.239063550031
/home/torgil/tmp/rotte/git_base/img/crop_whs/Control_1037_Scan_2_SPECT_cropWarped.nii.gz,1037,2,Control,432.656675808775,1049.6427118067,1044.98059906414,1171.74794054423,1200.30698761473,1254.94493491627,1209.74739894935,969.491100510556,1354.0393020561,1133.94836654765,1059.96819382061,1075.78736096506,1262.92627743315,1160.52526917193,1149.78365211943,1141.8555729387,1115.75719545491,1037.76252675122,1193.48874605675,1007.20353377599,642.982929293986,962.738508512329,1129.56365372727,483.848366335224,789.364033294167,1341.92640511123,1158.77792627491,1134.92408393499,1427.40890689676,1457.20426216573,1212.0672506604,1146.8190464208,1306.47760008451,1046.65438475187,1359.93611424149,1376.87470598847,1390.83497914116,1031.33373337734,1081.16325292082,1190.67146987752,1137.09918077299,1101.28288942177,1226.97662265336,1079.21050663266,873.96348252087,1035.79101058787,1343.86263210206,1237.94367514931,1370.5185857829,NaN,1147.90699800911,1386.11340083528,1301.46147359375,922.667440043776,1036.65531415374,659.243638679523,1033.34737936578,919.994360576877,938.031838233735,1270.85029485475,1230.09027140208,1088.09221985785,1065.3419707068,NaN,1065.49698655108,1190.2001520777,1136.57293298839,1243.65940350588,1228.26616128664,1276.36995815278,1343.65799692394,1450.58089915355,1321.97872854704,1437.15552965006,1265.94603094333,1524.01700138373,1300.71032468009,1204.58821942292,1220.0488854271,1206.92087677787,1074.23116202503,NaN,1052.48168832215,1077.20279153178,1023.80118412075,1193.306035993,1227.65552713325,1286.56901166594,985.704220946496,1373.69221117975,1117.16279320572,1056.90095201634,994.933839602612,1304.4781670954,1171.39485712087,1101.13931988424,1140.94378013451,1088.75412854871,1089.90557796013,1227.32543236789,1039.29264523868,658.199273430143,955.445092958992,1117.67857604932,517.4800321384,773.696909234255,1374.06499168613,1150.34084882435,1145.28686421676,1472.206942668,1446.62308960799,1203.02764988878,1130.1440402901,1243.14555065915,1063.43500994088,1362.20582510327,1374.49390527885,1356.0574065292,993.708820102089,1141.71300991323,1216.65876313194,1187.45209010163,1187.39279923838,1234.79966454571,1054.99387457389,868.040153644682,1034.99009613802,1396.45812675584,1395.17390673823,1371.51908679362,NaN,1172.59563199534,1315.18246033391,1389.03009129209,956.28961204569,1013.03426810624,664.341388276689,1051.55290186446,948.296414313899,944.851492252175,1289.33992293268,1117.26349760955,1070.64356696871,1066.88012498213,1196.7310423339,1019.40462546623,1218.47563282951,1124.06309523794,1349.55962726474,1301.87076134929,1360.29064271359,1409.90612543197,1516.47032517143,1395.94191084362,1453.46496711902,1274.35918138176,1515.49589194965,1330.73417856623,1217.39933453333,1200.5630589078,1211.18304207919,1144.41433304265
/home/torgil/tmp/rotte/git_base/img/crop_whs/Control_1038_Scan_1_SPECT_cropWarped.nii.gz,1038,1,Control,239.694344362647,601.671282644191,606.502656694222,708.542446378964,679.531412189762,699.134870708383,680.797453166174,570.996134805128,922.189966591205,708.057280641025,631.483243818974,602.447167120822,743.672399261665,661.708850340728,635.69877791037,717.293674740494,683.721348131479,689.652351752051,697.422975388269,686.373548552913,390.271647083138,550.688363687499,651.162546238567,255.044974925628,465.102593582245,647.850408429346,634.467245963554,662.358037931515,782.619827783371,874.843761402577,683.30794321962,655.426953765422,746.31129537956,668.657754215813,774.638459137341,755.753379426496,809.451527890247,628.661593247555,680.672242041048,714.973273475048,677.790036666651,650.610557605233,639.366961968447,632.943063129434,513.266675635866,613.905825831156,804.559268651195,739.876810553248,676.668841679609,NaN,626.9808021117,774.684205522573,865.936325082757,568.927221671544,568.908490328159,378.275365076628,608.913186175275,508.243558925687,557.788806923944,671.127412282838,653.868744105138,647.371304013628,606.964404541563,NaN,561.168468536923,714.245695426903,685.071662041504,702.22337003965,699.642829258192,771.507885828712,741.872803198947,833.291067399058,791.262334762083,871.047368367859,801.397701054457,904.666345865859,771.407299291762,753.920452409587,727.618644937571,759.458680746369,673.792424932113,NaN,600.847570411543,616.404461006212,666.588464799087,683.412731186319,699.172078160163,769.119277106107,546.747683359937,962.070577289272,749.313343183325,633.790015770364,618.061882692258,745.398513594303,698.357871164351,596.759114832606,737.232706033157,696.016430320692,711.8919607508,690.669299955003,716.247977452114,421.522801794286,549.656126965002,647.991420832845,311.76691757932,495.861382062673,671.713466798005,637.943819714181,645.052094621783,782.728174304416,885.108672992791,673.016936266132,641.364105558465,745.644657321854,637.481886645882,795.802946557153,753.330576938233,762.469559695991,622.108008141705,691.97059193483,756.289546894764,665.348429467032,654.337618829518,648.967143528558,653.512541662145,510.665972206125,619.874081433128,847.637531097708,682.439609958895,667.691702711459,NaN,636.798802042901,740.641489879915,817.029941958958,576.690832694649,586.900763918136,378.800398601038,629.008685975634,526.383567972719,559.813187280724,685.3952632891,646.086266539213,662.79220452487,612.445230506853,602.211340740223,554.628877633366,725.902172179379,651.089147117583,707.495677164446,727.936345195317,738.200755258597,811.95343386052,862.969790225775,803.278359879435,840.297148688878,760.940563716615,858.131214457693,771.11976517193,723.380868675836,715.918224503624,734.793236374006,668.582301626229
/home/torgil/tmp/rotte/git_base/img/crop_whs/Control_1038_Scan_2_SPECT_cropWarped.nii.gz,1038,2,Control,562.121043649998,1307.08632108394,1369.50414668614,1570.7413279963,1467.87799440459,1566.25332315303,1403.67088605152,1335.66547292629,1884.38818786608,1411.55456272291,1293.69678510218,1459.13527536126,1543.71838011657,1563.69859710255,1350.48231268178,1497.51702985215,1379.55251414043,1387.98401312762,1514.80091754506,1399.1614389745,1002.43816002501,1217.64778302454,1360.80221419656,635.341561364856,984.463855031666,1571.13994776313,1426.32411252794,1421.01770310865,1737.08014064138,1778.5167310334,1586.62503539983,1451.90383457599,1665.80070401487,1352.39917384804,1728.91278176963,1681.35564763016,1779.04597681859,1275.27532437478,1367.57081168386,1637.14268546867,1390.10306901453,1304.88437183146,1494.34631660237,1406.90735026789,1153.20276630169,1322.39429606134,1662.17037994998,1451.06623787959,1623.05888199372,NaN,1357.90296448851,1702.53283487919,1632.09254201975,1142.89310296814,1313.83295548538,852.686223425962,1378.64750726688,1146.95444552438,1174.9212514893,1389.63007225364,1463.12876604675,1379.75028380369,1341.07503076125,NaN,1348.84586610282,1484.64538597191,1411.78197864821,1554.104162283,1498.6856408089,1550.41305297572,1638.23808225844,1715.62569843401,1538.03682691583,1679.19793167353,1554.22405094051,1763.85901327566,1592.57798669292,1494.65461942576,1498.25943833314,1466.64286175993,1369.47134723517,NaN,1253.78802931194,1364.66428486916,1450.35303467434,1520.17680922244,1604.07434506102,1364.02935121087,1295.42321988822,1859.7699251058,1518.32454673436,1243.94480594128,1241.69464191883,1530.65258381664,1472.82365082931,1458.91952087029,1595.15302624065,1452.74530815437,1397.58284785735,1440.82038228693,1447.45377959012,925.253854817445,1169.64982752632,1393.34423708115,651.734356010359,995.720771669157,1595.4082552795,1446.64085450454,1405.27119191121,1708.51895747434,1758.28882571532,1579.85304630484,1440.36537630493,1600.65386830259,1397.59122930373,1679.49678307738,1671.44197139091,1826.53641798972,1294.15197221821,1360.6431391497,1609.11060909,1412.81822637488,1247.59951321965,1488.256903394,1478.21212208746,1156.92187838188,1357.63121758062,1687.30470869489,1448.38156168631,1620.34778409992,NaN,1389.34959823367,1763.69614341625,1644.06470687037,1185.83310439464,1345.0870052243,855.594414170839,1381.46742457536,1208.40091393677,1196.21830819153,1396.87213381006,1409.00675750947,1389.91615383018,1270.72937336169,1484.12928021016,1334.40566588493,1495.81011051196,1450.67424146188,1498.24664688411,1435.6370243306,1499.97272587926,1579.06833940408,1689.46396084505,1580.44656189526,1617.92706398499,1621.84878160515,1694.6821003124,1585.40043075659,1502.592492167,1491.62223851308,1559.28464446692,1359.28266408835
/home/torgil/tmp/rotte/git_base/img/crop_whs/Control_1039_Scan_1_SPECT_cropWarped.nii.gz,1039,1,Control,233.286466917591,601.16238485076,607.131739526497,641.438595845617,706.950566517099,736.592843180381,702.445421794216,564.526724385528,920.601403820111,746.083152062416,647.262822180121,589.330058573756,768.92746045936,693.695666631049,601.944516406355,748.31978477433,687.171060673438,653.592167286182,716.432634104848,703.377626864993,356.817166248048,545.584947292661,651.805927661143,268.86651932925,344.22685926797,758.380399374554,653.860759689828,675.265517600027,829.378914474964,840.442050739745,719.605135947132,666.75652010752,772.806602495744,655.887337670462,793.022619075668,827.029718331304,837.382228506861,581.416615134669,685.540831531141,794.584405804758,671.142085642107,650.012431680833,780.541848057252,620.06025099576,534.768054690864,628.383753352819,842.306281896357,759.945887312674,770.882842278167,NaN,623.567704951701,818.353064538633,847.615556980512,541.236069910655,558.862950645739,358.592774440175,609.761356863766,517.722932292909,534.464039030233,764.491210024676,658.937843625349,653.263390114776,602.634164317654,NaN,537.360827206208,738.259834137313,678.909821970477,784.989220194063,748.101537088311,789.879700604827,792.830869961095,846.091029084944,775.25255210154,872.473918739155,745.277816214723,919.043452592972,753.345011413853,705.945738964973,702.593134711119,710.423828373817,644.327770261964,NaN,573.911038335526,571.036394666489,627.64833791242,713.719639615319,737.677704680291,623.063337696843,512.468723074453,925.463772582654,726.699942109386,625.178132019344,575.861268699021,737.325950737073,669.679877717652,608.446696187911,741.474538333355,705.447607324488,637.47876591135,689.787051491046,685.057940277419,383.215436258373,516.87730573928,667.567018734631,287.474802185954,333.729893626647,755.813925952474,636.30842339519,652.985969371358,823.024012257551,869.388986642855,727.869197285093,639.793520064494,754.317383437877,606.04460249379,811.60507980415,799.103828173085,766.699579464648,590.091968910483,621.713697554627,760.65477002561,621.08862333348,583.163829790721,768.517482091681,630.628080118026,532.685855876799,628.485779417362,821.145284713591,764.34682276289,810.575847203976,NaN,621.68987495096,714.269947318062,864.706189425795,516.482916394922,530.940525237764,361.111675676686,611.344774170349,544.473703030854,544.398611219291,744.835143669228,584.145984010795,648.626681983438,560.826195326438,638.460442797435,473.439845911735,723.903411313401,640.577662765825,755.125964069586,686.658268912346,745.283321537198,754.628533402035,823.445123793798,799.12470118771,821.741234666706,778.405006716118,871.741460940564,800.837285869388,673.011696484364,689.41498370689,759.157257243351,630.093184283752
/home/torgil/tmp/rotte/git_base/img/crop_whs/Control_1039_Scan_2_SPECT_cropWarped.nii.gz,1039,2,Control,407.96941263663,978.99612456415,952.368310205776,1113.65568249056,1153.91605486933,1242.56618925094,1166.63840393896,999.925614534943,1467.22418215304,1206.79185091274,1017.42501037267,1064.61365431953,1257.96000548001,1135.74370994282,706.15897178658,1147.35443067895,1077.37537198675,1003.42428262998,1159.98099824532,1166.11119884938,737.150530289333,939.079734672939,1114.92869533647,473.622406086079,654.633189112975,1197.64602301718,981.499578823907,1107.42544685168,1364.31536703662,1410.83044894072,1192.78834004443,1124.44540673798,1275.53042778044,1078.09774640463,1277.51334134115,1225.62308683257,1051.53537641578,959.798126523124,1085.15417625435,1192.00668354635,1072.77355647925,1073.44135468575,1066.74021824449,1042.47265860676,852.994529809396,1007.91443769395,1375.92287118719,1247.80694688768,1288.35126423824,NaN,1030.64963460673,1109.92292236571,1268.74982249867,722.802258966347,762.516558613057,652.026966521577,985.966416216322,903.672784661199,874.083200990524,1084.79618822137,1217.28719257376,1083.29495573825,1039.14414446336,NaN,791.750180985835,1197.70272110291,1082.70587335345,1211.94685934062,1275.34950473181,1291.35397376001,1445.55571095881,1417.15083473707,1244.35688239965,1368.74285174522,1235.1566484792,1393.71284812875,1272.4997217229,1173.5658840048,1178.54472807949,1150.03801156786,1031.3911726838,NaN,959.691409627464,1010.84768476781,1121.77824483566,1184.13765347566,1251.97988558253,1167.69928326905,930.528532549372,1447.89228483285,1156.44837735319,977.727774747285,1091.52591869004,1205.33257336427,1176.32259642685,1058.66072092871,1213.08460799703,1105.16341007334,984.395990492817,1191.98476426955,1152.76087959678,679.263172667893,907.384453886106,1087.53647995108,457.331971138017,683.51534256359,1283.67562292026,1045.59267806034,1060.46165401219,1468.54255658221,1412.73319854257,1226.16699483771,1084.40777519817,1293.74674316756,1092.21094444221,1318.98384625875,1249.25187023828,1180.92472362905,917.973361609839,981.386120445627,1224.88353695479,1074.0570316946,1016.03023055931,1099.09927752573,1096.32081950327,861.437760698127,1036.15720247597,1307.37013465467,1285.38455349188,1250.22458429897,NaN,1020.85583218871,1185.75651817011,1356.69253104841,771.276472319142,859.801882021891,613.158778567828,1019.59184545947,913.443546473189,827.513917470406,1102.36444720936,1112.0644366234,1102.10386084472,996.821629409873,809.867952231129,803.891966817867,1188.86282770213,1081.02842853134,1272.90185470461,1210.54769807701,1305.54324262599,1295.2868911524,1384.66439057096,1220.46458575518,1385.58433576944,1277.13732721824,1300.54065185486,1385.58619412899,1176.25157887287,1160.02414407216,1250.19112690558,1083.01494928485
/home/torgil/tmp/rotte/git_base/img/crop_whs/Control_1040_Scan_1_SPECT_cropWarped.nii.gz,1040,1,Control,194.29177223146,483.223474105392,514.743930725711,528.409170194194,577.084045221829,590.563848450276,561.713257504596,441.001722275867,743.136057311354,584.987534663701,506.014816758517,486.93408651331,617.177976339669,589.04071566567,530.11030394911,589.555354406667,575.932394730496,570.961071710598,554.935024075963,556.37961128493,296.115842040025,445.977847651717,513.478518468617,211.536900122391,396.150708536639,611.084589546125,543.69191162693,564.218150817227,626.0038590512,710.566130470911,559.309321231556,563.056234857672,612.837483232343,523.319041900756,629.817899054824,628.598078025439,651.05479672374,468.814556949264,559.103803421145,586.759514645179,553.036318308679,511.59574734822,563.69289250153,469.41521417561,425.81728427766,504.79370958009,694.416124202972,594.316329380706,551.400588804677,NaN,577.168095957438,628.856012533266,689.20560946892,448.044896054931,470.779293360691,312.659644332572,481.849769956201,431.964614911192,430.423469770398,596.114963625397,568.236863020959,536.523525623385,487.354601888688,NaN,443.200659290588,601.557981040903,541.378721091232,603.361616249073,620.805659761822,632.262413003702,709.708099286095,731.922203030344,643.561480113468,705.931126300195,627.5505728275,747.223675016253,613.51769570138,587.524856510707,599.459212288976,577.704283153152,522.233804463962,NaN,491.485984979886,508.167695929551,493.79036981818,573.851681736939,589.120200037512,580.885699504781,500.995935969608,742.670575069401,621.232915596914,545.220016446886,500.861835665715,610.909855459874,549.808423292923,524.785253948966,616.237153694154,621.238347359461,550.109746159141,562.59925085744,563.032242590557,318.853846976603,445.062754773485,518.192986256553,222.408788381637,368.15803939073,632.309776508587,550.583091067399,541.32002079873,661.689327019277,736.948464701252,577.096341861127,555.723274270678,615.75170376585,570.283749315075,664.271262874518,633.828421610922,632.315739430438,461.489194299484,528.212683970324,577.865732158619,541.880669647964,513.851981758153,575.291271271437,525.19987759142,432.244343683094,523.95999265135,683.496192126054,658.43809359381,560.386343953143,NaN,580.933284916928,611.973277936621,731.867817584335,458.24305245157,496.801063284904,315.923247030566,509.550442274789,441.830545679026,428.668405090905,593.162361740114,604.5186679123,566.156142837092,482.968628024343,484.937954638383,421.053954953941,603.529519654006,579.730553921959,620.887648591383,582.324520183076,619.359026620209,639.935034776449,703.223995080228,647.805416966064,702.841559033765,633.044139191784,733.821001083566,661.069286635409,593.350018947319,586.207247884813,610.452434849973,535.746903318594
/home/torgil/tmp/rotte/git_base/img/crop_whs/Control_1040_Scan_2_SPECT_cropWarped.nii.gz,1040,2,Control,446.677141316444,1173.90729003721,1084.16366378964,1243.66929692293,1208.32779226577,1235.2875725492,1622.86645923426,1063.10338876113,1710.38362441661,1387.05618880208,1177.14385126783,1172.4920342473,1415.46507063378,1285.48236029714,1102.72659037227,1349.15908652568,1214.1915053963,1264.14149837857,1377.99700328456,1346.99303784588,787.442227451436,1110.90900736479,1290.12026464936,510.301352320461,786.06767250946,1314.76250588741,1249.18980486523,1235.53044875991,1512.23667276109,1581.16082685911,1319.60218199987,1248.31228549528,1434.81135289255,1255.54113263201,1440.65747582066,1467.69314314486,1519.6139065877,1234.39447206668,1319.15799557083,1391.1754498441,1254.82145294274,1376.88712384242,1283.56027082499,1167.81876818714,997.006903298874,1182.21042864533,1551.13514520247,1396.40285035639,1385.37657699019,NaN,1532.26176009589,1645.03389849814,1524.33474820874,1029.65345386566,1080.64450257236,718.826440395008,1087.08701386838,957.060968758875,1107.86852075973,1273.09899942903,1205.71820178748,1244.0512586707,1233.96564691596,NaN,1073.53782842185,1341.04131185076,1195.62410408901,1375.51858652105,1488.08590088081,1459.16562955401,1594.86216055657,1618.80062763459,1371.09842695621,1666.10981997347,1495.05366306461,1726.48004776699,1522.5250576686,1401.82808815745,1421.94725438182,1455.4492449284,1212.73801864338,NaN,1103.68742867721,1209.94815958099,1130.72505544407,1250.41479357501,1299.85356580609,1322.94092914169,1027.09538573551,1816.28093907076,1357.60560906948,1142.17468032536,921.689065372381,1378.12005753485,1296.18888145272,1131.7109470678,1449.75535163416,1322.72620335339,1252.38751339499,1269.51169694697,1358.82888793447,680.06662779236,955.953010153484,1274.65635221088,541.27940765999,756.167557034401,1333.48399799785,1243.8791686171,1221.48761091282,1576.81783193084,1575.48629456929,1351.80844803626,1259.77197253772,1339.66196863521,1155.27500757245,1480.46074150234,1429.87076107364,1436.41801653154,1202.42315866936,1242.30823726033,1354.16915731779,1265.62288056285,1125.97376423704,1290.55335710538,1194.27061808962,1014.96159545145,1207.06447992764,1567.65499470033,1294.88828836219,1448.62526157736,NaN,1478.45258893817,1508.85398063089,1464.00719009142,1057.40048257609,1083.89060689353,707.355373310855,1106.51718024857,995.940929967521,1080.73548974294,1290.81039087659,1183.08244540804,1204.38198404671,1025.54522780243,1133.87672521687,1068.05098547746,1342.2804345463,1307.86251419377,1282.64905406982,1341.04861674849,1368.49317210126,1479.23347584796,1537.42088374654,1403.78569032674,1561.8900955396,1461.73078834611,1587.37959606812,1526.40030134746,1363.1299925184,1324.72651314428,1510.2064033677,1276.67139019935
/home/torgil/tmp/rotte/git_base/img/crop_whs/Treatment_1024_Scan_1_SPECT_cropWarped.nii.gz,1024,1,Treatment,238.335745468806,506.824438479622,505.396530119589,527.758185958814,602.589492874847,621.480259372464,613.709989672067,487.19701543042,731.419770876133,580.270839057377,496.314501520604,496.036412835028,637.908261234363,534.8684528495,532.734809727913,583.957004302826,534.782195665822,541.683416603995,592.93164198815,534.323479454027,339.838882868509,493.864891800193,588.708214130633,265.751410626671,388.600383623807,625.331887673817,585.770516714649,573.229140010582,687.618297870954,759.9772487519,630.705254393944,551.226603377039,654.333019223884,530.055131051242,699.393203978479,684.535127930822,636.145667187029,502.81676815851,561.397239137887,629.606930637062,551.387120138436,553.154073386128,608.661080863861,568.843307330433,479.569442990035,556.397799027808,689.777215584148,650.580731564947,572.065074761621,NaN,623.684343638698,650.288185492213,666.594142220617,499.203644452523,522.076787115186,352.697690614111,545.519232204432,451.649810038319,470.501751648015,646.301860121716,546.855672024452,542.263891716921,514.578108390029,NaN,539.14216543211,622.26107267777,542.295088608238,632.137095032093,644.57619121752,680.174166791906,693.391701129188,752.661675784989,661.937883569352,740.747899958498,647.726854945996,729.991053226676,635.744485549555,626.169469493317,618.062367154801,604.288097776688,566.756312217477,NaN,530.729709816832,580.587754898751,673.56095511116,595.056589649635,609.704157132195,685.759148351471,500.021361197276,758.591360959223,632.528558825801,553.11114995227,542.933167471188,642.269776052543,613.275386229113,556.217387715205,617.234706117729,640.114374791738,548.722047445178,605.629740723279,556.222437896738,333.545387282851,503.636617308111,580.781070763761,285.176044218029,416.535145859349,636.69572144398,588.459625673035,578.531380521418,682.399892277418,729.109352193432,625.516544378951,561.077836311146,697.000599589391,586.736512521812,659.793724281687,682.563057380496,632.598599468478,488.234820335372,547.067459522281,658.312986340035,574.046248568468,546.812115347596,611.693630702966,576.028345740731,481.180896391025,559.152917177741,703.629762302089,667.552864389949,579.762896043491,NaN,617.031008151135,637.691808464135,701.346957220016,515.511379414102,534.575533215175,375.486224927768,572.994963918717,455.701333582719,463.306364129194,642.818997006766,572.171904538195,578.829111407833,555.601645276734,583.807814667122,519.393717051661,632.245802885194,571.169444580512,621.61361168246,651.533973285444,682.787415679269,696.684056931003,736.374749846985,671.241350045159,736.519029870402,677.968294846984,705.022958431909,668.29711279872,604.913576013184,614.915201223716,650.338053976256,568.202841467954
/home/torgil/tmp/rotte/git_base/img/crop_whs/Treatment_1024_Scan_2_SPECT_cropWarped.nii.gz,1024,2,Treatment,347.717878268091,690.616099017655,767.516441309859,756.910937001844,834.090722993203,890.710495101856,772.444961887815,724.604235480238,997.988345607837,743.117309338079,680.835375917086,678.345618895291,801.950736752653,845.612364864637,787.242552724519,766.654991182839,733.199563372181,727.794480373191,787.784203572667,710.702055919876,429.880000188407,657.143560551528,748.409957899813,388.250534125915,583.13270373042,898.818539838412,801.906562490042,769.286216570231,869.480867720113,906.750635872924,761.804484323348,776.047970259448,808.768642117783,682.776912469248,842.194074632602,971.158106709802,1188.76706185235,709.379080876135,688.208323041704,840.418223746921,738.31825246215,682.657458420833,884.751483143727,708.905423751656,632.904319132031,725.760685490992,844.941825490875,847.106794346591,825.980180547053,NaN,663.375249574596,1140.53329411125,883.829615770129,622.684810248438,711.272802661763,517.340076405615,743.521155965189,658.046447987645,654.657887855103,890.175746628759,726.866062025726,728.152347560416,702.638810766321,NaN,817.487903042177,787.475413961906,727.267599737267,919.262320707728,789.862781545549,794.844359628545,832.974892951811,847.279476813149,837.144090747048,833.743813726694,803.58882075881,781.370085342133,782.229758300837,784.510293191905,802.917950626961,795.493404017526,697.546082898978,NaN,760.358435812392,694.526661238433,842.967684831285,853.058708152358,908.954173648685,1089.0558052132,757.926147877704,1013.24468447035,917.836382703106,735.876167096537,721.124962136004,891.347576350563,807.025214383291,831.974852931064,958.269685897896,901.577029687666,722.988032839626,842.194032640441,796.378448550419,473.756025786711,715.404184775829,758.494700430412,387.917925708281,585.212021124335,938.958912498525,763.281388201829,793.723657744848,919.181629546756,1012.38152394554,775.163671259647,820.956620975804,789.371224541038,762.687378637536,957.046388082679,912.839180150984,1059.43779089214,696.959116168974,744.015668739682,810.961842874267,780.251085284582,938.817695787526,913.088021736663,769.799645738854,639.038855480794,748.494715197182,994.327282139272,1025.27809058656,889.869810202897,NaN,654.463537844224,1013.56715631035,972.797517051045,624.663677889813,738.814865805843,520.129067669378,764.487360736485,694.019898145544,639.875347405599,901.330934580469,900.727574315552,811.734195942277,817.131009603891,874.366439419525,849.496182359607,842.53875090092,893.054774836353,991.487835593857,937.509320511355,928.103196905343,999.498263972753,1029.67446663268,836.028745256475,995.18014188921,828.716599301863,993.936906896303,823.20070802461,867.036530430468,855.387581463687,865.362193944138,775.596187704423
/home/torgil/tmp/rotte/git_base/img/crop_whs/Treatment_1025_Scan_1_SPECT_cropWarped.nii.gz,1025,1,Treatment,159.57371405849,355.813875208119,338.312136204492,367.97796174248,423.449466760445,442.813972233547,469.651682411071,367.077092443347,516.36783121123,424.522092332671,367.504911862735,359.460457412071,449.691314894248,350.943518930915,395.108537889369,394.744609972047,383.377419609199,403.257116258202,430.225854106752,383.052560827508,232.285069821397,339.54893741079,383.565807279267,170.269921640664,286.887957440051,484.552795972304,393.685502080591,404.581846955768,485.810040023546,462.765099422651,432.374252020367,387.122886939915,423.595509871793,362.312033044027,449.233467402863,495.029390182008,487.49471150954,378.991562340737,405.52312115846,416.071293443247,397.733688882262,396.387278282767,484.693705678946,407.279725740825,311.648902039963,374.241137985702,478.576897827728,511.485694161893,474.74721468394,NaN,388.55327681463,508.324080115801,478.902218789828,323.35220898972,350.897348363634,228.05897015698,368.990070372974,309.302849433298,341.446277572635,506.095024297056,387.830836381724,383.236749941973,370.405713108721,NaN,327.648107017574,426.709091862817,369.364589254746,473.286966395537,468.310666596888,477.29328630414,509.938863825471,507.374467882423,512.875190236773,505.901113119365,452.414079692825,490.526857388114,461.534147834726,457.624565268454,465.460620500543,434.558050221729,400.376695351431,NaN,370.146887876652,325.603886054675,405.857970045276,426.147754609913,440.518947622096,565.584411621426,350.214314687617,526.331965096899,429.331645296266,370.703670403075,386.652140103753,467.598908931021,377.901812488437,371.923770105384,409.890890750776,400.893013238676,406.091241015678,430.990660693198,409.14676794007,220.08375757023,340.339425445401,394.496637633904,175.974881967813,275.793123274142,485.245945658813,390.497274055767,414.809712184296,505.094459106828,531.272092048226,451.575939748811,400.633803788651,468.418675824724,396.130983038917,503.496129029091,483.569161050703,434.521212235344,367.993907800154,403.859850183441,429.772211291084,414.558913290182,411.554860876845,484.964736020574,388.970252915306,320.431777307654,366.376963357019,487.552611563211,433.499331967449,520.318112127505,NaN,377.447417361947,461.907239937249,445.55530121833,331.020652861985,365.215930114409,236.662044634484,370.947713513461,331.590558140221,329.610080438351,470.012310677497,429.510426687009,391.866541629564,379.920538088668,357.468684216679,321.397775932356,432.403695155675,403.210761956691,441.718149434726,488.233797026046,486.398465968474,546.936141540674,542.379963054059,475.222366911361,533.939746868934,465.414954071756,527.587849306224,455.804249827985,486.549229223059,482.847221221268,430.633441074301,422.753483822929
/home/torgil/tmp/rotte/git_base/img/crop_whs/Treatment_1025_Scan_2_SPECT_cropWarped.nii.gz,1025,2,Treatment,313.299989026758,641.101200054385,602.025662119477,697.44172779389,761.392149084481,781.140933188384,849.780171179368,621.145934420501,911.820477585527,734.764000743605,640.059915970886,675.000965326135,790.951529114156,686.195790223702,658.567640225976,706.914568713953,715.433136199688,670.570040904923,741.108710951364,745.82935077221,449.970719304568,617.009052738266,679.261726108026,308.147624249859,539.543702137998,859.586116683334,688.655875175498,747.918620942034,839.430279801063,895.794295258606,751.101740231837,730.557670599062,819.30929830016,672.579623382971,836.37299787433,886.618262872865,922.049019553232,628.764321138576,715.352128191604,742.381544021801,715.031395014127,716.202849185047,852.82563814882,748.267364079454,571.324042296905,666.625221351169,821.136654366435,841.080590534682,783.74021446401,NaN,750.743567609257,903.447375244245,848.092616222229,570.049398192881,606.668513566751,424.354678368506,693.685260413416,585.059586055884,592.869214968621,884.059218021042,739.605311457949,690.982346612676,679.71139211775,NaN,623.01187248123,745.881059478588,691.834368023598,834.759857457474,797.466221636029,781.554243396452,852.222134617452,862.319078998179,866.919337789474,814.075551117482,756.333836068488,824.158607865424,726.642466007156,726.001057750107,753.938837060116,683.949428975845,647.530166584319,NaN,661.609575062599,627.399171241806,713.404143635805,741.030533953403,772.305683578303,782.342896400772,620.13685261103,941.046554552867,766.1514272879,662.970518777981,672.287247503167,803.452589737948,705.689422971877,685.347812069966,759.295183513748,711.786502676379,684.388271681495,739.372658425036,763.081936031294,473.02459951082,617.047072690614,704.152178144511,327.442069943727,557.884132503735,876.958479278268,716.832474264214,758.457626578392,868.896907165985,898.695795015212,805.067844290984,731.072074801238,808.398597384439,722.349856516406,888.544382696268,893.541091524681,940.11956737267,617.502608080386,741.311398912416,773.418144805531,721.731133761543,732.989970446991,871.492895235199,711.056002577635,578.281205928879,670.854644190883,838.653998929709,851.657659625742,840.407920179123,NaN,765.215515299299,873.795854284348,861.31730878723,608.391314051852,646.117588893272,447.305208260958,687.585408122956,605.615519309719,602.025823426343,904.759976475655,721.05246425732,697.826140995292,704.50489238004,680.290459917839,612.550692463436,752.179872768599,694.201395003841,859.156673244431,766.332343305259,763.82526690754,826.386643192744,854.841130621198,882.528329651664,854.235917034709,805.180905556921,834.435432065005,764.270954479005,774.017063384527,785.11606712203,724.650145628247,699.956235410349
/home/torgil/tmp/rotte/git_base/img/crop_whs/Treatment_1027_Scan_1_SPECT_cropWarped.nii.gz,1027,1,Treatment,254.44321339771,587.321827158563,558.38761693358,559.044469702926,665.184106760572,675.366727520587,752.07360248481,609.351026775314,918.608655486676,729.094833655687,633.429916006036,577.34584980593,728.54952329629,652.345031091705,572.84615460955,678.093809898297,588.013354621132,625.509437503149,702.07959863481,599.354791180761,386.687736637022,564.268850819217,640.201557180174,290.414684966431,397.370640796907,724.815907532602,616.646264781682,678.004542457563,773.087558070454,803.998436290451,723.074545939626,578.200810254937,748.027109592678,593.410303526962,763.273686423489,698.032080463961,684.477425253313,525.432932757818,704.946552793894,752.737853570605,639.09186680005,688.916911959224,740.184649843624,666.179304186921,526.697476051464,616.298873312318,796.1605548105,781.231205894388,716.561339291678,NaN,534.503078341981,688.041208218792,824.426252754124,523.883893414719,553.610577075239,385.895337824996,624.569289259962,512.92442639951,493.561159847315,757.991175488833,664.391928253263,631.651562016833,587.961558312575,NaN,553.430532269612,706.482847095691,569.873643559007,750.075424618841,710.284672079118,726.900883456971,748.681837975597,802.516671396473,771.721946922848,791.30994496841,753.5920446034,796.370239932177,741.050345108408,681.822947087532,686.197073577603,675.221017817149,640.924454120872,NaN,586.630454020995,608.905071003971,687.249146794519,675.540924715905,699.501591841698,726.282617004812,625.88534885578,909.175957552783,739.818983476881,628.401924197401,598.905989164004,718.144856597375,703.257739276844,634.2062547609,719.575926594873,658.374250491222,602.406182953087,677.44099523788,619.307682586731,367.508999756221,559.000304816033,641.575186696886,285.632599240489,443.222446366386,733.93091407626,642.334382738941,672.505389838649,773.217162548434,794.182140363339,713.181117991617,570.873045455056,787.462591354143,620.240181563747,727.155535119303,727.931829871344,702.013018177989,501.263089928981,620.862508453908,800.905268534475,608.291878375345,625.158717689943,762.166572639063,651.196639827038,534.778124640072,619.311222442013,810.370789823524,791.984415899749,722.546714445764,NaN,534.6985300441,688.441084095666,764.958863891326,525.656498778039,624.543799447915,400.595346943817,629.817280066204,557.59298484618,466.62958133934,781.040304098372,626.004641713552,652.902465311485,624.353174827286,618.420939793143,522.85482140777,712.407043183456,574.23590489873,782.533205079071,731.247295183824,782.701601383751,787.206798546752,833.627908865797,787.829726703831,825.662087094961,739.826810502811,839.484636395831,798.975539495619,682.13234500232,694.52244222055,716.034075857263,634.413990696296
/home/torgil/tmp/rotte/git_base/img/crop_whs/Treatment_1027_Scan_2_SPECT_cropWarped.nii.gz,1027,2,Treatment,452.705119249525,1061.67276917433,1023.23222353569,1167.06485314178,1129.49489134155,1170.54299128167,1282.12724533361,1089.72387990161,1535.05306177394,1240.71902596182,1100.0274922061,1049.60057641068,1276.09887948969,1145.42509467744,892.613271691964,1305.97222072702,1198.03469927309,1045.52733045989,1184.63400274999,1087.53289042204,747.207089584631,1002.82163065873,1190.26686742459,544.802741773736,683.459777959152,1257.98309687458,1113.72417048347,1209.38926701321,1252.54185492824,1486.43301437395,1181.26866298937,1122.35509966249,1378.8199641785,1063.95461492497,1350.77556409959,1324.95246166973,1241.3403621079,1014.11190116303,1179.68472793955,1231.10785108295,1091.97698681535,1168.75517113053,1233.64679555271,1140.808300272,928.756766892006,1072.60299881665,1390.36468144448,1169.58634826172,1199.21947030014,NaN,1030.30506783643,1290.68133448496,1328.93020579077,980.731986253381,1035.20768000379,702.546933122846,1068.42604442414,912.388097599064,942.020022758027,1363.51523688057,1071.79951606684,1122.13517001019,1072.86032648832,NaN,1088.45485001226,1229.75220095225,1133.38118954704,1089.62980829321,1243.83062936234,1245.12031928041,1332.96945749675,1348.45483812776,1440.26903507581,1367.716721046,1224.7455866572,1403.43027888467,1270.9328120465,1230.21333750368,1242.85295794635,1201.64143652965,1131.49402420832,NaN,1141.73802748147,1048.02017530586,1202.89708437075,1174.56071613293,1218.50347690697,1220.83637653206,1065.651263877,1480.25287541327,1287.49211505049,1314.94439525453,1250.25092830482,1302.75410322549,1230.02998065092,1147.09971676094,1339.67001039078,1292.16948910772,1021.08094674169,1306.69458674388,1117.59582737353,838.631496964,1019.37584980531,1224.27862443946,528.878334024709,726.949137269475,1331.18911176692,1127.73358458269,1175.6798486744,1405.4867804511,1527.52646517291,1171.6949631096,1115.9292015684,1195.20828742296,1281.70985346281,1336.58460887561,1259.01043775365,1251.43890089792,1027.76508895458,1137.14690468394,1330.79902492146,1163.00698285371,1151.47150387751,1330.67880973931,1159.83235239194,950.363533982012,1105.4447912399,1392.94185252656,1498.74767965666,1237.01096905781,NaN,1000.00243698853,1214.1931676812,1336.5319130593,988.627345449098,1068.500814014,688.826074346121,1070.08350031739,968.067737525203,928.981316549989,1509.23164436018,1177.79803897645,1202.55320101684,1133.87260417411,1166.38821488605,1059.28949008621,1253.04810469545,1210.92433298178,1395.86459194253,1283.87539937646,1358.9654778087,1413.04135574057,1475.68873434838,1576.23361057966,1480.49972855089,1324.36350031463,1518.17653764119,1415.10927724005,1233.77807135418,1217.85074274054,1332.72968804374,1156.57743316063
/home/torgil/tmp/rotte/git_base/img/crop_whs/Treatment_1031_Scan_1_SPECT_artifacts_cropWarped.nii.gz,1031,1,Treatment,69.0549828633533,166.055636741418,165.195765619929,167.956494244686,206.990605459978,218.736797169983,191.827419937468,162.535618033543,185.301532432839,199.44240696377,177.378071904114,150.288311652265,195.574723057394,169.054475587906,157.452760157655,186.359919980283,184.692071025043,195.375533677367,196.045549385371,213.241370030972,111.481980230216,150.610562800312,136.331544026795,81.7429304718843,98.2277165232101,215.093745595426,192.409705309479,192.317755258758,184.535700042507,205.288169039223,184.456311383354,201.856654507159,205.283483354292,179.270021186113,203.705731556741,243.15578413597,225.120631725992,162.183777652667,211.447630196226,192.271309693159,204.378154316724,190.262905702981,220.337913264635,166.16521482811,135.745326218699,161.965052149933,195.73944798121,207.587374963563,169.530035335763,NaN,184.945468295996,198.962433926777,216.467999827208,171.752025843594,180.005885326778,114.124596683402,158.941960367926,146.94121378116,147.256548273777,201.254066856083,194.409431699911,182.260677351806,163.895696747671,NaN,202.202198286805,177.303600094251,188.743655208947,225.166859795406,210.813566345792,206.897493150504,219.095847239635,207.323696508564,182.703037956738,210.104185895315,189.848758874622,210.012904752545,188.384204112124,209.688479717413,193.530095392184,177.081739593959,177.00090671641,NaN,176.255182174101,178.326691863763,178.59818920948,215.403807219835,233.102419746843,225.213150553576,178.764760197042,195.135274194203,205.558176836414,180.700297153175,178.418686341857,201.789564444073,179.40305899864,159.361055864998,215.672681068517,220.495951912876,191.681570380623,198.722248475703,220.099776832923,109.123721644602,157.187142863109,132.997668800509,89.3602069871843,102.129766542838,222.052397602636,191.970498696958,193.054837752011,198.151171527937,201.239380790564,190.638339993411,203.843176012606,199.982413543327,190.174945276309,212.334246279404,246.690495874257,228.234115380145,163.659772960307,215.321669116609,190.079525674869,203.124576433393,200.589081816354,218.734997177149,168.666753959538,140.777900371408,165.55092666128,203.504321350234,231.841031265121,179.017444987518,NaN,190.035877210927,207.259275965017,201.793622946176,162.124983303678,188.495730038872,116.090593135533,160.300971784016,168.226288115382,152.554612265976,213.011464225532,226.689205695804,197.424030930628,173.57643434541,239.46984269662,183.666310213022,181.564671304589,208.591538757005,236.801690205884,222.696072770272,215.948752189836,223.703731484425,211.221044017646,194.490228848151,218.330875560854,180.343662063573,205.635705891126,191.671419987836,205.764782947541,193.819925114225,179.75049726226,179.107981924532
/home/torgil/tmp/rotte/git_base/img/crop_whs/Treatment_1031_Scan_2_SPECT_artifacts_cropWarped.nii.gz,1031,2,Treatment,479.217367390944,994.316157814618,1127.07617339358,1132.56968829611,1157.22045026025,1198.92728729302,1246.77494410403,1025.99578066134,1579.61912100351,1214.72859209684,1022.7193352509,1032.13478255233,1292.64325627005,1287.15635982787,1000.16562179502,1263.32819750158,1238.4563127665,1044.97079023205,1230.06018486167,1220.44943855134,742.077258791127,967.435485808787,1156.44044307917,489.468877059021,732.971997395202,1267.53675465192,1125.60617613678,1218.66197941245,1370.24623468963,1529.87382362843,1219.58367494226,1118.40003979354,1493.79614483139,1068.21943572849,1404.98443271306,1346.55583459166,1428.78900304049,999.458079974732,1114.66105179543,1383.21216475911,1071.31876565074,1035.53472183454,1227.07299159006,1120.27920008843,875.377124302141,1051.8335254035,1385.97712773232,1322.67472985891,1295.28506558264,NaN,1285.64851734963,1453.65348373915,1414.61449922471,900.869171438503,994.134304001364,677.952821692313,1060.29677326569,922.575719454163,948.569914947826,1143.79097621249,1167.43746064516,1130.99723392066,1026.81172991019,NaN,994.682800064715,1223.97388666304,1149.32211464131,1371.48846581932,1321.97057426789,1386.83503452013,1455.18404927808,1514.91131536294,1331.04350813909,1424.91402436472,1235.8214989804,1441.44665954268,1313.41256532993,1295.78621391653,1266.85116323315,1209.7497083896,1111.66596014046,NaN,1103.65215575664,1208.48208085183,1400.61299739433,1155.34252408218,1207.08095008086,1215.63143927346,986.99504569127,1562.52864609249,1218.12765906412,1101.45793068841,1297.69943014563,1279.21847295897,1342.46760640174,1196.67083313188,1213.14208642839,1236.12444733475,1004.27882971521,1249.05053133626,1206.45002601317,663.997029493894,1005.31856291981,1180.52402073653,504.845578304039,799.433286297434,1273.75638321452,1108.62530066288,1240.37849976807,1343.00132670141,1645.94522799049,1209.64893802165,1109.47397585224,1491.17496663096,1124.17956816128,1306.45187985157,1283.91581300544,1493.38462580815,957.813562202713,1058.94443297295,1389.43608018093,1037.35900813622,1109.2744478592,1250.11017724112,1109.76711770259,896.991961854823,1052.26941569662,1439.78841708776,1301.06411090778,1324.39351952884,NaN,1179.90140907352,1412.55383111349,1386.71889326256,957.978394124162,972.786101624881,674.923280140603,1085.95197580142,952.27219301549,925.903836700958,1161.96169942505,1229.75518911546,1172.02062503823,1135.83916184193,1064.7357476773,984.698936729165,1238.24894314219,1086.45255027414,1211.09776435294,1287.39466295912,1345.1013619441,1477.45005763556,1571.83903010724,1305.54182324948,1512.05403327014,1303.20277917858,1540.056475611,1334.38624539138,1320.16075228741,1299.36057948733,1327.51053733153,1160.6168760684
/home/torgil/tmp/rotte/git_base/img/crop_whs/Treatment_1032_Scan_1_SPECT_artifacts_cropWarped.nii.gz,1032,1,Treatment,62.6937892214287,122.191047689927,117.641555811564,157.389558519116,158.882404731778,171.135565097126,154.341537048124,116.177391227615,138.35329055632,139.672026984218,111.644088093832,119.701787378025,142.290329256798,143.884403862333,125.466428984667,140.449976138295,123.411871715495,123.472724118056,132.149255303893,141.157927113034,81.4364428569464,118.095124965456,144.67007283756,55.6015016935579,77.153958345896,117.364940482806,130.475654455705,137.185365262491,152.371238340455,140.079470154829,141.15927340209,125.150612520298,174.134867296302,120.190603326933,132.692939794347,160.056182462546,150.672640442232,106.804225852995,149.443817948303,159.225661404163,112.392380739704,140.392783134175,112.699648504542,113.454823335865,109.702584759832,119.918713362189,147.312616922534,158.264603621285,160.086251411543,NaN,123.889618254934,144.500605397034,149.804130999338,111.870440200619,126.668452761787,76.0683335566891,113.850737350908,98.6636839364027,102.415946867801,105.632773389972,135.038186461712,126.978303503864,127.670919467881,NaN,140.240655525969,130.837831845454,121.810954516866,122.169340859372,149.90361097415,146.47141548379,157.145503082731,153.831025714831,137.291132992424,148.166184909534,127.18710312325,157.400345635563,143.012210030996,146.182604885728,142.060110063671,136.164098987031,125.024251496069,NaN,121.748946338929,146.595544276535,153.899949643343,148.382219005308,154.824346099435,138.756626408539,109.71231142569,134.016980756896,129.029083247639,122.867527046505,145.612681323299,137.717585557574,151.517180203961,136.379453672476,131.851985532042,147.791888330037,109.849802829636,123.539971549767,130.057407846052,81.4107932177468,114.329814796438,152.623776380729,67.4815407656915,75.2193839536573,118.947019109695,133.839689026866,133.452937250993,143.082875116774,133.245631775761,139.182999613985,124.712355509716,160.800029469845,112.439988562901,126.536603640754,155.966828653227,154.997294012729,102.540398178777,125.88493993133,153.961332081318,103.509457262449,115.802925355024,118.387103756165,128.470234124657,119.120147817558,124.681335303032,138.44395430868,139.247583452622,157.878925565817,NaN,123.855676029301,147.261361783866,139.886042842359,111.622091247076,134.314325038665,79.7370521384169,123.865578948244,105.01297267559,98.7388022531052,103.784426680311,154.313397522333,131.588998862471,125.204654323862,182.587245276769,122.065317063546,126.845439138328,127.873953630548,128.862931949074,147.804880428137,145.44119374993,158.658043638983,160.521082425148,141.30259620358,148.884151278926,137.663227589153,136.482242810595,133.83347040548,139.638806033834,130.378675736206,147.376896292998,129.801521173593
/home/torgil/tmp/rotte/git_base/img/crop_whs/Treatment_1032_Scan_2_SPECT_artifacts_cropWarped.nii.gz,1032,2,Treatment,387.296176306124,801.466732887891,850.2153126485,897.145050738509,946.193888315676,966.484128600219,1027.692113843,750.95906335108,1387.46017420264,999.431302267568,790.533967110215,807.256135161011,1009.55878401936,984.404602905513,766.211219096118,1021.2998079039,927.808118833854,937.496788102656,964.729638662691,1021.37733506542,613.286945664441,757.248226050477,869.225459957415,376.965498023237,643.912819832924,1063.36138696957,892.507246140652,979.304557244822,1163.04068321534,1102.49285216604,981.814430525217,965.608119977186,1140.98186782522,830.451061493281,1042.35271391491,1106.63198747315,944.351390435495,814.647650038755,930.436035211312,1075.34205916628,895.527148478083,866.322014296214,1002.45419541506,1047.57541392178,704.206469906696,855.12685223613,1182.95394654646,1053.18977229558,1049.35562812924,NaN,918.028960432664,967.159612409031,1079.54297552048,726.040236547721,851.299047821992,557.81966941152,911.261781510452,681.857660007714,753.219990734783,923.068691312812,918.120956606615,903.079291653471,814.716280263062,NaN,799.004125852908,992.103430685313,895.649481456861,1078.91244426386,1022.46407178487,1032.24401567952,1135.54223685738,1167.41638899059,1054.78332174341,1144.76548320471,1007.83284307414,1175.06763838125,1103.08343484043,1002.45528985184,1023.00743628467,990.035493835883,883.989067847283,NaN,870.739037458324,873.701831698144,897.60717306084,913.330097648096,939.01219521169,1039.9462084866,766.084398960438,1389.89507699112,1024.34285648458,945.630867838129,964.511990294776,1033.7292804978,1025.61662272332,818.716712180139,994.860561085219,981.549642284523,947.44557574824,992.151994441361,1043.41048931403,660.81205397228,784.989862105158,910.083054204933,420.37527192281,701.415128702805,1076.92262279975,864.003284429395,976.591318988686,1082.82398553732,1122.03041235015,972.78881102482,979.570327632715,1073.81748436883,991.205537057141,1044.30614813582,1015.50569343282,919.179853179908,799.79719812154,968.752066979041,1076.8214646845,960.70377764697,907.970364128812,1015.708800496,1005.96000584868,726.567614203726,867.938228459665,1211.73516545909,996.318964277195,1031.47952606594,NaN,874.568300939064,911.397478256642,1170.08117413944,752.458100912824,786.867609836083,563.218895242771,899.88474633251,764.591274380366,735.967159988023,935.820927517367,1055.60632841395,956.370093119852,865.064979536696,858.328661291816,817.105267189292,1013.73481038652,991.747494072882,1025.46065620349,1059.90573998582,1059.04920733175,1142.4122682251,1201.62049601718,1083.89508969294,1149.55000196715,1037.88586674242,1087.55164779008,1014.09823924012,1014.13578200822,963.417008715554,1004.18276077655,923.959636306202
/home/torgil/tmp/rotte/git_base/img/crop_whs/Treatment_1035_Scan_1_SPECT_cropWarped.nii.gz,1035,1,Treatment,214.766164154364,501.607242266812,492.2579861273,478.702357675924,586.044593811842,602.878243918967,586.832329062749,486.476680006059,813.957603536147,612.382734419497,533.900604191688,506.688926409595,625.269544534191,559.215180134284,507.680106633128,605.633471466002,526.833278262642,544.731266402631,591.289888412511,582.456657240425,335.971869311458,461.44142383065,538.266678489718,226.667950630069,379.71377996615,685.702895828442,542.251537193122,564.849971727058,661.386744110664,707.202609410005,570.363201172009,511.103883388984,568.545184426284,500.263083588081,645.978980645702,667.8642753733,674.554924941464,458.752917712215,532.184512838441,595.85393991767,541.151107436879,528.080643284009,629.253317679116,558.567009454729,481.477712733448,583.213113456312,712.289958134684,660.232847024594,600.760489906604,NaN,520.685122903942,649.536695567206,702.589674265428,464.641814472633,459.878425788563,335.845028983127,496.047264487671,435.705359502577,425.26178077663,612.788965268791,548.625868121021,539.12299472971,483.334730451842,NaN,489.459181914377,620.143809123183,516.567312760699,718.1252523755,641.132873455902,673.809560153937,710.326951828001,742.880767406955,681.016350371167,727.276152842716,656.951919452131,720.08991050936,648.854243086319,636.90718724362,635.116482778835,632.607692872831,564.664504363165,NaN,503.798416078661,569.782386863045,673.563172328586,594.960455143796,613.784851339699,613.128813533459,481.557509464909,791.312632818668,624.82990560367,514.998664964615,515.647205399248,633.397758270476,579.006489397962,539.052928967396,618.370603159295,554.245158703477,542.52287801181,551.491546612698,552.683917911153,365.484057966381,493.510964141379,568.38580897514,243.393836074838,388.875870867342,694.906581570467,567.590743779425,616.463108989088,717.277578674791,715.902936881173,602.872446025589,520.101862764511,636.573478923663,550.465009302409,675.830387688681,694.869610894591,750.45119131166,460.230943625385,515.64929814456,582.962711203944,556.552973052397,515.761329171327,630.851534856827,552.939030005263,449.01552866839,551.706632923516,718.245213245239,616.017610154466,671.466494609758,NaN,538.918134560131,701.171581486722,712.461657139159,480.610880236086,500.567397921617,349.914583020241,521.815054609944,491.010082713934,426.073469590057,604.785924630046,529.722794799403,582.186358244603,574.977898734042,520.100226338012,493.67661363144,638.001464834221,490.55409349859,678.930340231999,620.896445285067,636.246189849752,663.186158207241,727.923876093406,649.493579781669,734.599564133442,655.163624420526,757.517925799417,693.47884974041,588.429847963097,567.152434521648,639.74022149672,579.993099094971
/home/torgil/tmp/rotte/git_base/img/crop_whs/Treatment_1035_Scan_2_SPECT_cropWarped.nii.gz,1035,2,Treatment,266.08511847669,629.793095444086,632.943001955101,697.364594565746,695.401300096095,715.876601102159,674.238552626843,616.423580144432,922.297168851435,712.263809512106,677.237969368104,660.292970612552,718.030360759451,716.362515203795,653.180200749494,770.57352975182,719.170104992632,577.580479303761,715.322184456875,653.722158086109,402.87672402694,568.987535302852,647.516980515219,291.369018284767,422.660997307038,664.620389503018,655.61049311843,646.820397744368,792.776113365617,861.208632502921,693.938200237871,643.615880034543,757.485437845784,646.187286426526,774.014524390616,755.27531883333,703.31169733768,580.184706694746,607.348303143944,730.573152448679,656.202965286538,641.803067208136,662.473753650125,655.524869783835,575.449051910738,666.850019858063,776.412950261506,771.531226636657,737.445146370165,NaN,663.956294032442,675.216670301501,837.322262732518,549.317932539705,609.068431377753,425.014688780599,590.27318206728,539.315491476641,553.540273567689,679.432442718031,590.937618990583,652.061366932034,620.895357225055,NaN,577.032216687449,719.657467107882,671.21364506993,688.688856566552,704.911036054156,731.199062807619,740.004142693532,789.781692289034,788.661238125937,811.01442517862,794.089584633651,827.420467228433,741.937447762142,694.676906516838,715.227790771011,755.862513105016,657.019444588754,NaN,679.411802239031,644.333643417702,721.293665948066,714.907055932763,745.92366577347,896.819010579993,630.833898654074,887.081626819165,808.118564592898,767.632055860272,745.202021748599,739.418372719981,795.567414576846,659.57153502194,841.291948687817,785.98759396419,574.616675541305,801.963416628218,650.858115138652,458.630146321558,596.762510280429,645.860790328809,286.754675931481,414.336180879602,690.04024531906,664.946950553587,668.802387781322,833.493426088694,849.387542120026,708.94473876029,682.226530206055,803.54555537008,740.30015700793,793.4831699705,747.619221993148,681.294332244271,576.826790837175,644.290335418444,810.377792217766,677.24997679616,739.561156515707,669.119010400127,682.943497310903,563.601582648872,655.215507532342,826.641776370277,813.828756674426,758.329364415613,NaN,662.244627379886,654.437765111292,797.124503626127,533.003819819204,619.362339879974,430.629601666409,638.118745853279,633.381689498562,544.136270499754,675.040026785081,796.408976427122,729.671996910022,668.661390198079,631.420501858451,558.667648360322,754.257901734752,747.776601211435,764.268090057143,786.829711235148,757.013030111653,830.702579283139,831.497408042989,762.126418352285,835.874881936703,782.145997210804,890.684897468154,842.795204491293,684.523584494397,708.000994115145,804.426670922623,659.437293875826
/home/torgil/tmp/rotte/git_base/img/crop_whs/Treatment_1036_Scan_1_SPECT_cropWarped.nii.gz,1036,1,Treatment,217.391776595609,530.602893441767,580.212068038024,609.781184218877,610.103415746466,626.670191913349,681.634473884526,511.230753369923,915.051033130795,633.9759578478,555.768198708554,534.710293037337,688.185202699294,629.347190206961,471.122506600099,661.460574257612,619.771963018597,563.599147778687,653.621045768852,663.283588922041,311.071645636682,505.198995363869,551.609962302329,261.347514149275,368.995368854556,595.884138947703,580.669198055093,633.921188075337,749.923221345555,842.649234678638,658.271120063655,621.387774639332,762.354131447142,603.239699908627,701.334514886776,701.775022786383,622.908689243854,486.866228980103,567.605001153463,675.936200763774,610.269428462463,572.81500467181,578.312282643307,632.021100172613,441.622515310953,566.399596471755,780.112616875552,688.764872955473,632.918213713902,NaN,579.887478543855,672.771353194911,749.125978459137,478.380196639394,516.18337924716,325.25249309371,578.25185787753,463.811599480823,461.104051950801,621.68196059046,631.492438721981,602.021898035002,554.618233350754,NaN,530.839020197642,654.011754629314,635.701337528998,607.026315942093,674.533345882491,749.931048464389,747.087671809255,835.025002816207,756.889600962134,894.671530890651,699.947180351345,889.64551292244,700.614837435273,695.454070058081,690.379501367403,679.37426911318,621.196676494495,NaN,556.36854643121,599.794315162973,650.329976118864,594.005094812132,605.954051546596,697.946962340189,530.829773091898,926.382692810254,680.771953023712,613.255494807527,626.851741726634,688.856358738429,652.394883934363,556.885270515523,648.465720422873,618.884775604648,559.783346347823,632.824750177362,641.2343443841,333.01686536168,506.891004346166,553.720608239453,257.678653076441,390.020701405232,601.882452031499,576.005829849856,625.69620347853,727.018495100011,848.820313234479,670.075296747723,597.422866776936,743.180721528367,597.531218578687,731.151617687807,665.638782281243,638.221273396297,470.587463948514,591.344841701949,654.540376120628,606.284229788748,595.070736295297,576.271416307615,575.591289756933,447.566844310933,578.136686547994,811.996458192526,608.380440067181,628.995029938389,NaN,523.261817342406,621.2961920636,793.044017128371,493.041361568309,515.481206449814,337.535671169785,563.721128068338,493.961578160834,454.74904224296,631.618086200649,683.646178674854,621.71699546097,576.855910740897,552.781931350119,519.135414219121,670.657235883148,586.609697809748,587.183666732152,687.665940085185,708.39328552243,793.622388230002,827.237215071918,780.36811685227,830.090140833475,734.550510365518,870.329091661721,787.546302351319,683.822250583634,682.818251983308,722.012064580574,612.849932089469
/home/torgil/tmp/rotte/git_base/img/crop_whs/Treatment_1036_Scan_2_SPECT_cropWarped.nii.gz,1036,2,Treatment,335.300310511668,773.290690730956,706.677373799918,882.180224458462,860.644616568696,889.305398662958,962.28498224369,701.114202199508,1311.40544214995,934.204947883652,787.926026081656,780.13845579914,989.000168525732,830.295023567059,718.154176595358,940.658333110187,855.149416934971,814.825144936931,890.932127948483,961.199137725367,639.784868651793,702.830402039909,875.678318270911,364.905462290314,548.223226197792,1051.52085624215,826.11668074432,919.757772193917,1077.83597053469,1053.94893878389,942.855001381195,902.488965276378,1076.8032867014,810.641031628757,993.116165310404,1010.83762328656,966.008643411994,721.335953938265,874.079442709677,932.289094282928,815.048304225531,855.822071341475,1028.42424329935,907.297196030318,656.068579532119,807.338897229398,1127.36989743778,920.843544731173,988.596071651087,NaN,824.927656400704,942.987398015148,1130.99973510315,742.593099931715,726.432174560528,495.58960756353,798.130582006513,611.24629686581,669.724455262831,1087.01559024907,877.681697722523,856.627747728422,766.249894469233,NaN,686.111896923111,939.236580118327,853.978999522632,991.177410335292,978.878382705938,994.182925356721,1095.53721838435,1151.6179386715,1079.22818317445,1165.70207621173,994.755451247397,1159.32074299248,1026.48099753815,932.607115523923,914.403365031712,943.197284250761,813.51637745911,NaN,835.116694076579,770.566894981489,895.571211705505,823.87172992298,849.609506536394,1122.9982160022,718.08565211537,1344.03275376361,990.375619880966,869.61599939774,910.280012698878,1012.19482126401,1030.71929126519,816.850340287953,957.755527401948,961.760744099972,808.31634629917,943.214025600885,981.292617970757,561.481860537723,756.554972784284,911.023742320746,384.7183160236,552.255503213677,1015.59326316766,838.850412023226,951.127694639413,1090.36332599954,1111.97534864633,919.477402758162,913.408666799409,1069.6402917003,789.812807072987,982.320399322756,994.074173750978,1010.9622645288,725.216631016199,847.125335131018,1041.41750441371,775.066151091993,911.681064634214,1033.94255881172,854.197187636959,665.285624916614,815.930307680565,1154.24441986926,1046.71843912599,1004.95692736719,NaN,843.73382452637,994.069482919962,1049.61822986,727.578933350718,730.330852991704,507.296563818165,780.033834505318,675.490644547525,670.209187917829,1105.31113584639,1052.79815617876,915.518585074012,886.64373975509,782.453593123634,648.510279845732,966.847276948798,886.533046142772,1022.946898253,1016.14889370576,1020.32416397045,1143.09661421238,1186.14090174571,1065.70729715741,1181.96101794407,1000.92735184569,1184.24102728764,1060.21713690724,952.395939691479,961.361714684898,979.477512081773,847.656695272804
