id,group,Right_descending_corticofugal_pathways,Right_substantia_nigra,Right_subthalamic_nucleus,Right_molecular_layer_of_the_cerebellum,Right_granule_cell_level_of_the_cerebellum,Right_alveus_of_the_hippocampus,Right_inferior_cerebellar_peduncle,Right_cingulate_cortex_area_2,Right_striatum,Right_globus_pallidus,Right_entopeduncular_nucleus,Right_ventricular_system,Right_medial_lemniscus,Right_facial_nerve,Right_anterior_commissure_anterior_part,Right_anterior_commissure_posterior_part,Right_ventral_hippocampal_commissure,Right_thalamus,Right_septal_region,Right_optic_nerve,Right_optic_tract_and_optic_chiasm,Right_pineal_gland,Right_inner_ear,Right_spinal_cord,Right_commissure_of_the_superior_colliculus,Right_brainstem,Right_hypothalamic_region,Right_inferior_colliculus,Right_superficial_gray_layer_of_the_superior_colliculus,Right_periaqueductal_gray,Right_fornix,Right_mammillothalamic_tract,Right_commissural_stria_terminalis,Right_deeper_layers_of_the_superior_colliculus,Right_periventricular_gray,Right_genu_of_the_facial_nerve,Right_pontine_nuclei,Right_fimbria_of_the_hippocampus,Right_fasciculus_retroflexus,Right_stria_medullaris_of_the_thalamus,Right_stria_terminalis,Right_posterior_commissure,Right_glomerular_layer_of_the_accessory_olfactory_bulb,Right_glomerular_layer_of_the_olfactory_bulb,Right_olfactory_bulb,Right_corpus_callosum_and_associated_subcortical_white_matter,Right_brachium_of_the_superior_colliculus,Right_commissure_of_the_inferior_colliculus,Right_interpeduncular_nucleus,Right_ascending_fibers_of_the_facial_nerve,Right_anterior_commissure,Right_inferior_olive,Right_spinal_trigeminal_nuclus,Right_spinal_trigeminal_tract,Right_frontal_associiation_cortex,Right_middle_cerebellar_peduncle,Right_transverse_fibers_of_the_pons,Right_habenular_commissure,Right_nucleus_of_the_stria_medullaris,Right_basal_forebrain_region,Right_supraoptic_decussation,Right_pyramidal_decussation,Right_neocortex,Right_bed_nucleus_of_the_stria_terminalis,Right_pretectal_region,Right_cornu_ammonis_1,Right_dentate_gyrus,Right_cornu_ammonis_2,Right_cornu_ammonis_3,Right_fasciola_cinereum,Right_subiculum,Right_postrhinal_cortex,Right_presubiculum,Right_parasubiculum,Right_perirhinal_area_35,Right_perirhinal_area_36,Right_entorhinal_cortex,Right_lateral_entorhinal_cortex,Left_descending_corticofugal_pathways,Left_substantia_nigra,Left_subthalamic_nucleus,Left_molecular_layer_of_the_cerebellum,Left_granule_cell_level_of_the_cerebellum,Left_alveus_of_the_hippocampus,Left_inferior_cerebellar_peduncle,Left_cingulate_cortex_area_2,Left_striatum,Left_globus_pallidus,Left_entopeduncular_nucleus,Left_ventricular_system,Left_medial_lemniscus,Left_facial_nerve,Left_anterior_commissure_anterior_part,Left_anterior_commissure_posterior_part,Left_ventral_hippocampal_commissure,Left_thalamus,Left_septal_region,Left_optic_nerve,Left_optic_tract_and_optic_chiasm,Left_pineal_gland,Left_inner_ear,Left_spinal_cord,Left_commissure_of_the_superior_colliculus,Left_brainstem,Left_hypothalamic_region,Left_inferior_colliculus,Left_superficial_gray_layer_of_the_superior_colliculus,Left_periaqueductal_gray,Left_fornix,Left_mammillothalamic_tract,Left_commissural_stria_terminalis,Left_deeper_layers_of_the_superior_colliculus,Left_periventricular_gray,Left_genu_of_the_facial_nerve,Left_pontine_nuclei,Left_fimbria_of_the_hippocampus,Left_fasciculus_retroflexus,Left_stria_medullaris_of_the_thalamus,Left_stria_terminalis,Left_posterior_commissure,Left_glomerular_layer_of_the_accessory_olfactory_bulb,Left_glomerular_layer_of_the_olfactory_bulb,Left_olfactory_bulb,Left_corpus_callosum_and_associated_subcortical_white_matter,Left_brachium_of_the_superior_colliculus,Left_commissure_of_the_inferior_colliculus,Left_interpeduncular_nucleus,Left_ascending_fibers_of_the_facial_nerve,Left_anterior_commissure,Left_inferior_olive,Left_spinal_trigeminal_nuclus,Left_spinal_trigeminal_tract,Left_frontal_associiation_cortex,Left_middle_cerebellar_peduncle,Left_transverse_fibers_of_the_pons,Left_habenular_commissure,Left_nucleus_of_the_stria_medullaris,Left_basal_forebrain_region,Left_supraoptic_decussation,Left_medial_lemniscus_decussation,Left_pyramidal_decussation,Left_neocortex,Left_bed_nucleus_of_the_stria_terminalis,Left_pretectal_region,Left_cornu_ammonis_1,Left_dentate_gyrus,Left_cornu_ammonis_2,Left_cornu_ammonis_3,Left_fasciola_cinereum,Left_subiculum,Left_postrhinal_cortex,Left_presubiculum,Left_parasubiculum,Left_perirhinal_area_35,Left_perirhinal_area_36,Left_entorhinal_cortex,Left_lateral_entorhinal_cortex
1028,Control,-0.003172427737522465,0.15999667721265753,-0.06114386591451615,-0.003925968281272008,-0.019064027553632235,0.12293139029604183,0.007686550141116966,0.03864915320197104,-0.025338164688668563,-0.19679139079112895,-0.1337142304390534,0.13487619057829092,0.0753381039256582,-0.11922282530060557,0.00909784319385154,0.03927237395617944,-0.016728947280855166,-0.01725140203107345,-0.024167870942741088,-0.02768443009846322,-0.04961181581848462,0.1710805791007598,0.005583115377421399,NaN,0.19046680267951555,-0.12311714839847088,-0.0929208482570486,0.5090664870116318,0.30391341493964097,0.010167084625435252,-0.0016862130648582774,-0.13370375760402442,-0.19094991260315597,0.20620317404586275,-0.15059017170344569,0.12758080285259776,-0.3499314020085983,-0.03979875442270675,-0.062171628971996795,-0.15941443033657055,0.07072881159160826,0.17498142424626506,0.06087784102524929,-0.0908224101889682,-0.032035785837211894,-0.009837729999756295,0.31422312854088996,0.5748501843310909,0.129579993187675,0.11255893455184851,-0.031984372236761205,-0.13167132352846,-0.09501284403964583,-0.07375544311126137,0.02288178326800394,-0.043130944152305895,-0.18992061481720257,0.41498218619687066,-0.05395702675976266,-0.05443809915168507,-0.10611548463320686,-0.2784331961170945,0.00498856333867248,-0.01270039219336272,0.2189966825381624,-0.06274724271858712,-0.04616736420521206,-0.1354030052838906,-0.045166469697433875,0.23936644668148632,-0.045466722166632945,-0.0591842210401492,0.04772881677113183,0.033346730511752964,-0.016657876141239925,-0.07106288170924002,-0.0097177587610211,-0.011478700561464716,0.06710752257066643,0.1434343856223843,0.3256005274732767,0.01754106013742529,0.02044359600621859,0.3484608597735295,0.07305309313917674,0.07365475565157698,0.017743172175929134,-0.04845478893004207,0.19067751003605216,0.2032407890512984,0.1153104756269907,-0.0421362891533017,-0.019639420467488344,-0.04426410625541588,0.10283166095297858,-0.01645382406583762,0.01417971923536876,-0.029691239430458816,0.08080659183915906,0.1723252319428895,-0.12221762983519369,NaN,0.14919590956585893,-0.021191345817578533,0.16378056390453544,0.143398203219556,0.2675590638411329,0.01353569905571661,0.13079248157602352,0.20289227720484504,0.14168503137660926,0.21977627542431555,-0.08349077640059077,0.3331602031681703,-0.17649728414814614,0.04757976980193823,0.05190691032889838,0.04778382761900868,0.0904233543684545,0.04909566332686233,4.625676617098229e-5,-0.12166475315806324,-0.05625784388823529,0.17603371334148243,0.13219215444813115,0.30165309243346716,0.18021032396123426,0.27963730061192416,-0.09386348739688732,-0.09866734762501606,-0.07423494222358262,-0.05174732839629537,-0.025268044330834072,-0.08645955335783495,-0.06138658271344544,0.29331536951349146,0.33672389522176993,0.08842454730553284,0.16820222171865717,-0.3431021786180942,-0.3328437112556909,0.05563064464173484,0.12112863375004157,0.055789421039072695,0.1869491671830379,0.12006122981663592,0.20419664314306596,0.10330367489835823,0.1466258802884015,0.024141665557566583,-0.06283401802508892,0.07110732110173457,0.01528840858815883,-0.17081042575234806,-0.0579144637727208,-0.019775684524560022,-0.18612247886723143
1030,Control,0.002120983185440073,0.06232016073268909,0.22374113254277816,-0.06674312275195393,-0.08164069306751132,0.1912474448115551,0.133936417541493,-0.02261917127278168,-0.09478800926254616,-0.08791677367293349,0.04245856975158391,0.005485186633115813,0.08118829313601306,-0.08935952603741626,-0.08832572353121049,-0.13107646709373832,0.13409123371646559,0.05724699288636437,-0.056601405272887595,0.1107912410520755,0.05719139065502754,0.15278501714120318,0.036916780410387595,0.04946184223675654,-0.1528375718597994,0.07760403326328746,0.13817681840839713,0.14397296163221585,-0.15777899366401726,0.007002885413141757,0.05781667427290982,0.2364345181832067,0.0019378438396076003,-0.11756552963743772,0.25436776817212814,0.11823209189463024,-0.14005826724109471,0.0483601775320307,0.09228085309597445,0.0916824504812851,0.028405592947064684,-0.10995818210575092,0.10899272567362817,-0.02044948383648404,0.02270763829021849,-0.02447070400635032,0.06724439051259878,0.17755127555367034,0.14298656603658322,0.16013989780067017,0.12619054621077386,0.06437610859024911,0.06656203686051765,0.040714091680158826,0.08875011429004676,-0.0650241762752568,-0.08160781648008253,-0.02044373275989675,-0.08081600272225842,-0.02870439934562985,0.06762286343891111,0.08868557535095312,-0.007837064401374882,-0.06965448848870726,-0.04948530133931439,0.10931528222170561,-0.0053767342147164054,0.08295100032717695,0.010578168274885336,0.07070407000018908,-0.04048786020629236,0.18321962153059568,-0.01492009301909425,0.16704949138677538,0.014242976208321823,0.005905776160989196,0.24538946728536526,0.02154170786040832,0.0251291325593328,0.06637586274319307,0.22488943144018725,-0.03301056898294452,-0.05105626982105038,0.004977244266868741,0.20965379588348965,-0.014070288237368223,-0.0819781398159628,-0.04562238123833362,-0.05823133875711384,-0.008028128384091948,0.10609738077029995,0.1644453215959757,-0.03552811097610298,-0.10827000301556278,0.0958226879577726,0.01670003587396629,-0.016726127344107722,0.15193240079984516,0.009012350332268548,0.1806049181338878,0.10369334471795255,0.09292859579482604,-0.17476628323038523,0.11947580771029487,0.11799377931986699,-0.12642983801238583,-0.1130645929184344,-0.07755535943654734,0.06317736897765824,0.18397731881688362,-0.09417821183314512,-0.18750212285081402,0.2710842481102247,0.267283302162873,0.022804813839599647,0.013659607822744002,0.0603112804033602,0.037468795486115924,0.006738904998234485,-0.13502410079871674,-0.04627842045259545,-0.017151915822087305,-0.04025520970048457,-0.04873863555065494,-0.1006816976529854,0.1002032661134582,0.16833216138212093,0.1669869186006907,-0.0788546159613206,0.010810694798610632,0.23500590917455888,0.08155991366429116,0.047776483277526816,0.015002803218813976,0.05470523625425627,-0.04203255139909623,0.010368695232622738,-0.030762156279332098,-0.011419017769794038,0.06873884716238166,0.1361127686663045,-0.007141608080777018,0.012740730815550938,-0.1114031034829408,-0.03476426738632732,-0.12018200059010797,-0.07098632904525837,-0.0738798413562789,0.0066614684835046845,-0.15594379245888557,0.01133045908143604,-0.2581174864836364,-0.24358486039961869,0.0038760115463043476,0.002413413590561131,-0.14907277965436283,-0.022982174629887386
1033,Control,-0.013253541501863086,-0.08453356262283629,-0.041298408353251714,0.0025619002074512842,0.020765166952246394,0.04297297334255612,0.08077384671217436,0.06799479436119626,-0.041634146395591154,-0.0021705076337489304,0.0013206698688392748,0.07972124218512833,0.03548996606074373,0.05100573394073504,-0.04915136731774972,-0.020604822850976645,0.1300774567378804,0.04524092272262248,0.06645880964098616,0.04298966620363398,-0.015153944496220983,0.04077395977851905,8.059894995144923e-4,0.014095662784859964,0.12757308420715985,-0.03905764355382457,-0.06544780740294942,0.2252136976227419,0.22173830911344083,-0.015049405312535624,-5.730986692434881e-4,-0.005075355377248902,0.010614597095428002,0.1105627708044683,-0.032523751061899864,0.025622981406965284,-0.08169350131687036,0.005236962593638705,0.058650697136071406,0.08863569917118685,-0.03614222034707304,0.07762002234880327,-0.09995141918643669,0.02250778565741207,-0.01967734814035227,0.011889053067963617,-0.09290861706624476,0.05283113359807712,-0.07204271984110922,0.0010359455348156743,0.035228361827662535,-0.026214855386372693,-0.05457522297890183,-0.012808158948216408,0.008043808044724154,-0.010665565825270451,-0.08594427703752361,-0.040062174768321857,-0.031771693207860885,-0.03349378143574555,-0.02040555410800393,0.004273058901707261,-0.013846773701238657,0.02693878410274253,0.1380802557116485,0.11026958844747714,0.07965835098310636,0.09469766648032274,0.04877639000268408,-0.07235193068396994,0.04387330473141304,-0.061703901978145126,0.11643660729012995,0.11686141824703644,-0.035974454433487235,-0.041251870186541195,0.04141107244293063,0.009947056510314911,-0.07092124163817803,0.012754142877148378,-0.24516835429089145,0.03466141553605406,0.049828391695651675,-0.09821129108102733,-0.08576847547372912,0.10954446678065555,-0.0094033697403475,-0.17672967794472128,-0.2065827750718734,0.036584488822166916,-0.06737913281836627,0.035474978607526464,0.003880357345316776,-0.21035287742297026,0.19156256558480012,0.010266050413843653,0.1349064850810473,0.07171988439076393,-0.05461890200080399,-0.02325932210228554,-0.03036356371516513,0.029954034947182406,0.11031247314096726,-0.047083770773613365,-0.07026648477664443,0.0629610187330214,0.08997709215743543,-0.018642459286928093,-0.041945278342131576,-0.045792806141235154,-0.10526954331864502,0.03814825837738445,-0.0684963934863605,-0.04308361859289822,-0.042149590948287075,0.08355549114028704,0.042736202269647805,0.07126089493927013,-0.09431818866974573,0.08068327953279475,-0.04984750344202127,0.007233376248234502,0.004692468235315661,0.05076391128130586,-0.003086111684810433,-0.03408465397230587,0.002533909005843271,-0.11948280218667673,0.058153589898707336,-0.026702603188707874,-0.09675633062826483,0.002939223484420328,0.0167154000366192,-0.011773575085567645,-0.02795347393918124,-0.06287229025618668,-0.26398375828945086,-0.1084877076148314,-0.12530794477395557,-1.8418529251718052e-4,0.013417460247985513,-0.02353392549384581,-0.12753725290560902,0.015408888622114203,-0.00744607843782874,-0.03959747037199768,-0.0018386496866518165,0.0058517329364526915,-0.05961569232525066,-0.01132213482018618,-0.021465547909241378,0.08158153699238024,0.12188860207574725,-0.030160541810011265,-0.025681544796297917,0.0017105596619371166,0.005392961413365538
1034,Control,-0.021965197166756045,-0.016923004747151915,-0.0078011042755058435,0.0055130657690320994,-0.0016540588570252979,0.07204454005494887,-0.03165998157574035,0.11513096310054904,-0.0091107691477221309,-0.03447446286221467,-0.0970231267920606,0.021621039044861012,0.01858358562814022,0.020317176680054172,-0.01720410187249466,-0.04180179798735251,-0.04030174381125606,-0.032264588359420365,0.02482629371634093,0.027852566528032807,0.0027247127076929223,0.09874932021843519,0.018033342662860996,-0.07828922970449015,0.1231188684253226,0.001941875391836878,-0.017077772032239924,0.033916763252276105,-0.015272700425238206,0.016495698322108177,-0.008320972944986904,-0.10863470960811061,-0.008970534647923967,-0.03803673144101882,0.03578151837998145,0.2318531589660182,-0.012121501841866444,0.01303092114692972,0.11498095855758983,-0.027057652966789414,0.0010226680361454799,0.16392053052227362,-0.09250890939857404,-0.019323303568558936,-0.03640364612951763,0.027746779623216034,0.00310373379372475,-0.025462407262735853,0.01971062132539092,0.18381690882510182,-0.01596375451392218,0.03589483050626996,-0.05559565078130124,0.020235039289945078,-0.016897032190460126,0.004209232983732325,8.75215325574219e-5,0.020921267474985683,0.036538597901314085,-0.014769531362538335,0.01892694781655435,-0.039541733916048316,-0.005808146516918855,-0.008800280398258975,0.17222664191746262,0.07586608733612121,0.031619541680401264,0.08881727316820198,0.027380223474450904,-0.008398316839710374,0.02126848686029259,-0.01724589715095015,0.012220375420634255,0.06461002607065103,0.022931724360163108,0.013957814650174871,0.06584357770946547,0.01313303290516843,-0.017119080079617155,-0.03745207349121482,-0.1950671534084536,0.06345231867859669,0.05603046436504977,0.11150039038282222,-0.03474913461404161,0.05006077209269355,0.011191745504427475,-0.018512288238494934,-0.01031824006077886,0.013033491543192666,-0.04376632702640648,0.07406797591710945,0.05607263013280983,-0.09549824934871454,-0.033524137167794565,-0.05226499556422892,0.05777292312006077,0.047897203674021394,-0.020389542571850217,0.07518728287620702,0.012461678543409016,-0.09042044946604921,0.0599192109827138,0.02312330908368021,-0.08346718874457104,0.02581022353071183,-0.014976236634315576,0.019955135089681608,-0.05093797422737545,-0.13462088494117141,0.024265532281586566,-0.044991243203906794,0.0824953698267974,0.23083617777116572,-0.04146452540450318,-0.017098654639725264,0.038846516657102814,-0.030395863462785444,0.004647935830774386,0.09696669903356336,-0.0065616978236895385,-0.025336082873334553,-0.03145187455885212,0.009242955893598914,0.06475262125245562,-0.02868623046977914,0.01881073428055502,0.21283391609369695,-0.07260394228423306,-0.03972953833395931,0.004129298815134019,-0.007604572518624231,0.027772912124598648,-0.03061825513165084,-0.018157242603257684,-0.020484914653770447,-0.08621842251012946,-0.06013567390395991,-0.049604478381476635,0.0127645406057032,-0.06757748048275058,-0.017037443659816853,0.017069631460637114,-0.00964155846989212,0.035101713187210226,0.047494605906038156,0.06648059597155176,0.06569662928342335,-0.019518801930292762,-0.014093197078711484,-0.03402398977036869,-0.02827312790296843,0.02382565090813271,0.016131266577745995,0.005370842368324524,-0.01386360439050005,-0.012962129647812848
1037,Control,0.0341525039475451,0.09451817174096966,0.14781500887454402,0.05173974647843593,0.05144029882257484,-0.04349497591349927,0.10025607532186132,-0.25794154166733874,-0.13023868420945384,-0.060890024899777795,0.09150275647085315,-0.0488818820809922,0.03914970528611916,0.22177519202106522,-0.15377782175544719,-0.022096779837556202,-0.13229292220328637,-0.031819155784706954,-0.11984842151855435,0.04902351330842236,0.0438728205653085,0.04558657860967652,0.07381256893889826,0.023274099443360008,0.15340476140001602,0.12186920479828212,0.050520357131182414,-0.06440999491089161,-0.10497236747043592,0.06547814027187748,0.07107822265857555,0.04924362706175067,0.003323355348871959,-0.019892609149066542,0.16145719719319063,0.1769437287899338,0.07921758775643073,-0.04896647594882564,0.049921860750758884,-0.028755320263355477,-0.06272784600647241,0.1378437420161549,0.09118730151167753,-0.020421296346034512,-0.03244421213152027,-0.109051284467099,-0.05786466454360961,0.03726524354437455,0.08231352886063303,0.19824097143014785,0.025810048133392494,0.03705162447920929,0.15106577020656242,0.07454440558335934,0.09075537356383467,0.10270459677406929,0.09839203280628428,0.08250513702553897,0.061928569017928536,-0.02358504244477233,0.0416390932524664,0.09486656608122235,-0.029930717979444355,0.06400626426909983,-0.04488500940208606,-0.006988678583073726,-0.04488603609561381,-0.04010031804457048,-0.05110931198925539,-0.06851557477032033,-0.05902316625079851,-0.02913167498774194,-0.052073660650919784,-0.08341577951022794,0.0455025532074157,0.04429477177525243,-0.009580200869458988,0.04636557485124004,0.04070435680222839,0.08555664493131965,0.051107154152422174,0.04706116745305322,0.022689459259537914,0.002102099386324552,0.036914665374019884,-0.24282711424197156,-0.19597829527138944,-0.05232278452667538,0.03823235568439787,-0.04310706770036776,0.03302353868237862,0.12774204740613104,-0.18059692852027665,-0.13048708058177283,-0.12421474832716939,0.00850152621590694,-0.19572970971714565,0.016751108597278463,0.0830554316531169,0.05240840285138659,0.1025023933128194,-0.016363926326970923,0.14775813892097944,0.10501232083900869,0.052897785410498055,-0.0053837493738488895,-0.09106782518392142,0.039786719493826395,0.05322979544558837,-0.019102332306329517,-0.07432463558390112,0.01607519365786092,0.1831583962799529,0.17678595119259732,0.023830420988219747,-0.11118815341302979,0.005362460206190578,-0.028590904582925347,0.007297844717752522,0.11962020856180866,0.045228562988595566,-0.03234776003700357,-0.029058017213175247,-0.10920531899643371,-0.040817590308040774,0.08288441440654593,0.11424883597164037,0.15205770264223928,0.053420996687776556,0.07277275766586733,0.08472869250427739,0.06458254016170739,0.09102350451535923,0.09815320024276963,0.0925583493490505,0.08884115347251309,0.009278229192791643,-0.04623892636605764,0.09418915423212904,0.14759631034986487,0.039269556059104205,-0.013917472474710868,-0.023433915844812914,0.08243425714845998,-0.00339263368242837,-0.04357466326708148,-0.03296573734977759,-0.05768843511112376,-0.049514776355196854,-0.09046886588383085,-0.04651266393749598,-0.12307270173426699,-0.15424027892861902,-0.015594180354460141,0.0033151271294664664,-0.06610547808905087,0.06431170131709618
1038,Control,0.0194798802159587,0.055398198755068795,0.044625847911033745,0.016246997879684977,0.055306501524966745,-0.02982976055865416,0.08406967715587865,-0.0521064070259345,-0.06430564822528773,-0.03338426705079356,0.12306954081450328,-0.025413517278008113,0.10833513024371022,-4.437265676110469e-4,-0.018619225509194814,-0.05072188069481476,-0.05359702756055584,0.022374115576817788,-0.0410985815894912,0.11911939865213839,0.03251231746911798,-0.015973298491603116,0.06423666992140897,-0.0028061846360439846,0.13374792180585993,0.0535960427726363,0.009111656531121781,0.050751214997748484,-0.05571614545817294,0.09250691032650238,0.04053130336945332,0.05480900211267792,-0.0473723535396916,0.05680983584912758,0.05170031407483444,0.040376549413033924,-0.041941627139613136,-0.0545108086612105,0.08094641924575363,-0.03477217306605551,-0.053679301794028134,0.09327439579997243,0.04245378464554184,0.04290694741134837,0.012113188225021942,-0.032961061435295536,-0.08367236639049269,0.1273201748951126,0.01742964233950728,0.038573372508788006,-0.14352784520198947,-0.04567583492517957,0.07208839522002453,0.03353745797734253,0.05816700276836906,0.04595672131767581,-0.007310468449822527,-0.025344490333480962,0.05054367987827979,0.0026274318910205485,0.0351413588431968,0.10753461886585147,-0.023022760466296255,-0.030500197057719003,0.04241734899747596,0.00802487114064343,-0.06155105670375982,0.04232246747520696,-0.03820378095957344,-0.09899400898717681,-0.11856555465004659,-0.1026821075165214,-0.10946931916535663,-0.03236221941488049,-0.07420895265240302,-0.03322268271147233,-0.10160982927034068,-0.04313037795103891,-0.016024099012910575,0.03756936368266095,0.02312375398210864,0.046586522757834814,0.08130170146127025,-0.18642829463116783,0.09184984397050011,-0.12744404025511424,-0.05116163423246456,-0.07102842105014628,-0.04955371818572729,-0.03693960770533211,-0.007906815304622894,0.13124771890365627,0.019439806937119997,-0.01830835462819258,-0.07954244550886513,-0.018694082452725413,-0.05157006676456821,0.020209017007366437,9.642669532088366e-4,0.011082631565029977,-0.007508270586033594,-0.04008086879202288,0.11552969420108838,0.06250005298904382,0.02360036147540978,0.03092075903456082,-0.08467522966187047,0.10290770479488143,0.05317076292208189,0.010914258565067225,0.029392781042419935,-0.008208855809705762,0.04841891274848975,0.1418633905943727,-0.019346275304475524,-0.07582206094808319,0.001155805031800572,-9.134844424415478e-4,-0.09859098591614812,0.07502646545167824,0.06145396394275149,0.04927571790351204,0.02764605407225873,-0.07871208516850081,-0.0014387287046067065,0.1385945743638931,0.024716234466479414,0.13053569312486757,-0.0636874643022145,-0.027465617287610877,0.06727596365838628,0.03477190770602767,0.030691303892500965,0.06172339783634406,0.00439462149190073,-0.04124324813651392,0.024659343814635415,-0.01294547649794675,-0.02133345124747066,0.14062967997414122,0.10716211834836142,-0.03239692863015775,0.046034553824152,-0.003773332723131295,-0.07681968156691454,-0.0475338649942767,-0.10102292997159101,-0.09966988185945835,-0.08737415873491639,-0.11575110421353196,0.003120711659313713,-0.08899260109599338,-0.03688492113737474,-0.024034529767790858,-0.020665799823500697,-0.0016938001427186933,-0.042520814072801616
1039,Control,-0.00813866175399558,-0.04023789158799451,0.052156828787344844,-0.007242445844826806,0.027923299819431424,0.010487766086895611,0.0633467770900571,-0.0406333402375989,-0.01733119722158527,-0.04104279331944383,0.08441213494326372,-0.005338275364301426,-0.004056324393592048,-0.24960320566269967,-0.07292609263871785,-0.04602299237756169,-0.06254057299685445,-0.015630358113031484,0.008673512514886683,0.13264719572071382,0.03717813868177877,0.03826599817689336,0.027870113466037738,0.07819187904472547,-0.04319416353475214,-0.08224214990087964,-0.0023134588273214796,8.108088692229121e-4,0.02576447306618057,0.00867452717634909,0.025000045220237355,0.004521745752543493,-8.699404892187346e-5,-0.023004924681843786,-0.11795630919205191,-0.286294349615952,0.003542957307479666,-0.03681031963650372,-0.10058603649070008,-0.026866164851152452,0.004318389875209938,-0.19059455151385696,0.020410805327835235,-0.022987927538576147,-0.02208289183340051,-0.007683758188217871,-0.0012761598079271685,0.01860079621466748,0.004917458553810761,-0.20730820483182943,-0.10977644517353768,-0.14703526975698133,-0.1375766404821821,0.05509391772363692,-0.014450340218170599,0.04633444597863401,-0.003971486515807476,-0.15144796350140233,0.1181025430575725,0.008290580137542802,0.04271229202722182,-0.08069017862335315,-0.014009091992056577,-0.029365054607348506,-0.06912739389766975,0.04013598730076273,-0.006262199807841817,0.12529494249025608,0.023151988403821155,-0.026479660902696933,-0.05769193011198959,0.008820435465218157,-0.10313075624206736,0.030033026408707864,0.011521368055385173,0.020761707302398902,-0.01568784655958,-0.024490490329097336,0.014317234725665817,0.0635414378953556,0.0792803591073642,0.009576821957509862,0.03464456209927769,0.12636968199656473,0.07759890372841227,-0.06470292504169284,-0.03360945370009927,-0.04403136166516519,0.12762131322160142,-0.005935953141050332,0.06646361062419393,0.05148700590512634,-0.0051147453296018774,-0.04801049278323699,-0.055969235006859464,0.05114408864800246,0.023441124752020426,0.043430981104669364,0.05082840629250285,-0.008685265697383593,-0.013424820681469107,0.11883297588963199,0.0363024021158489,-3.6868444342552653e-4,-0.011420704574988783,0.10182269589045201,-0.01447542057075113,0.026109943320561824,0.028775560930489053,0.047340707979414365,0.08451843446530494,-0.013383026118284347,-0.05670514961692419,-0.06996972798549539,-0.045861055893754776,-0.03579226661873991,-0.02249501181308866,0.04674318155099588,0.05054569026412403,-0.14467906155613874,0.05254112154757973,-0.012535521916359427,0.0026473619131610615,-0.0374275857146229,0.025451867070241052,-0.07246011942091535,-9.903848352245115e-4,0.010205958445420826,-0.05705872049718663,-0.06849291387165823,-0.011449219511531217,0.017208953596684617,0.012876205396146867,0.01620529583468444,-0.059378150557782394,-0.10751022303070135,0.13371642775477888,0.031572717991010024,0.06597106043309953,-0.21112592098959326,0.022564392071337758,-0.0010073293410777229,0.02466336136942171,0.027808382125817266,0.07202604221688991,0.07081336961956497,0.0482468128169109,0.027327790155477594,-0.08209301153316018,0.030605413334780396,-0.0021694392192239675,-0.11670806639236053,0.0608765394270121,0.061576489301397475,0.023529943554089883,0.001965932676912363,0.04159502422542638
1040,Control,0.06867602102530346,-0.056771691625162934,0.043842863179798575,-0.06922334933584617,-0.07182845607916333,0.28160165757030586,0.0562433984098617,0.03145064100365258,0.05652385480198352,0.031190214342701306,0.06105578489627006,0.02220096770408264,-0.029942005641482083,-0.0692486523549628,0.018898909561470223,-0.06262067324121234,-0.014871551637096303,0.1022092693536446,0.0754526488743329,0.0952687463042664,0.08485282958651708,0.10634389205301475,0.02725867985747915,-0.081433896271632,-0.045770171045807384,0.021323955276186024,-0.02538420566858135,0.08230384827886472,-0.012316359575069491,0.04891120604088006,-0.0133590473168137,0.044934843374441646,0.062053794905483906,0.01968974034714588,0.04295169750929695,0.044085630515245944,0.141226186668317,0.048925028969595497,0.0566308110746232,0.009317663481730132,0.17743196555853524,0.013059022451814895,0.08816248261080628,0.03126757752962961,0.03729210899123858,-0.007418332433274832,0.04744715250663112,0.11417953895725885,0.18368729586804045,0.18103799105836105,-0.019206908119738353,0.017746673781844025,0.017666797051780314,0.012620322374748083,0.003263534197940232,-0.010731031476925779,0.10978604343219711,-0.05203601410408787,-0.05572918205428756,0.029895072023307767,0.10834087117085522,0.060534193316092555,-0.008515447089141759,-0.016460521161429265,0.015251706387993336,0.0725635459397056,0.029856591913656194,-1.0641064288363644e-4,-0.020406380238729982,-0.0587792807811649,0.06218362147520362,0.06616489971015449,0.0368486831966397,0.11226282622506778,0.06360899234778561,0.058373282214806865,0.1227397518753397,0.030521196286568242,-6.862442862370921e-4,0.053037282041094924,0.01638987917099599,-0.030669870887639727,-0.01885472455810344,0.01363831137304361,-0.07721657837348939,0.11499518472386328,-0.03011818188300519,-0.06495944615005755,-0.1593248830285996,0.004031719471409456,0.04730116426300146,-0.03725692019637039,0.05064042053538742,-0.05737561722522,0.012554375549620467,0.004004313993645092,0.07301898476652235,-0.02853397660363033,-0.0345926647941307,0.08598635716364833,0.032371316224446334,-0.055645894875919866,-0.0684094398426085,0.005076590065833164,0.0038471885524800076,0.07010272085010016,-0.06306815840807523,0.04284259093477227,0.00846759992169932,-0.03451257567402655,-0.09872922996787614,-0.009704777663343211,0.0042219465688271285,0.011992462780465951,0.12911106338705136,0.04312456537931231,0.043335984032396135,0.03734147897480944,-0.022543539088340503,-0.0018409548251490104,0.010886942176413172,0.034010002865227706,0.023058382860117632,0.024658889802519957,-0.14443339172072478,0.14781352910217205,0.13504095329944832,0.10429443637304003,-0.14123600607610287,0.02151807722574617,-0.025483138871451927,-0.002070740121006387,-0.030190971718336845,0.0023207336801744916,0.09167096154313836,-0.03301600777033409,-0.13711140647163644,-0.05311996851728462,-0.04677745068877448,0.034393948081058445,0.09513029684788976,-0.011008824086658153,0.003887068908998259,-0.08806829591147736,0.02525798932819323,-0.01832284187564137,0.032063015532245,-0.03359572505125463,-0.04069486919261078,-0.013808867735887187,0.030488043767457063,-0.048286261235668926,0.03180498118683728,0.023150821966495094,0.005690299151535294,0.10802106120869359,0.05674151632199742
1024,Treatment,0.01367643758331405,0.11203434183970873,0.06137639392850225,0.03246149264383669,0.07150636488074946,-0.06308012904314508,0.08893908766739933,0.0213981504660401,-0.04371857540113977,0.01905914214865756,0.01641742194512852,-0.06675457159745624,0.1601727059695629,0.09090043142038118,-0.02051345870291532,0.020030794992757395,0.0017361366740916706,-0.009164386099943411,-0.007277439210185865,-0.032256678344469436,-0.006407730371474574,-0.05123372121503034,0.039778644505549965,0.07739251367006561,0.0751790624671218,0.020444007503565342,7.235216019724211e-4,-0.06567080094568567,-0.140254116299233,-0.10480094390882189,0.045983642499452415,-0.08573333136634753,-0.03498361946580153,-0.11942910080609392,0.06637770582591496,0.4189250414556207,0.04379874693346131,-0.08065719035843899,-0.0048563622634174575,-0.001370025165402522,-0.07378930064015421,0.08552296645352975,-0.06728927828111575,-0.012733484327056788,-0.025426805638858574,-0.09990745152347857,-0.03160945345811195,0.07342320117137413,-0.21588667341769474,0.3350635794073147,-0.012579785530974608,-0.05834526960087383,0.013929947215286287,0.05537016662596206,0.014943015585472508,0.06536693751793754,0.029589007540671397,0.02929950619662569,-0.00807837647319365,0.0012113009229512972,0.01570431276487594,0.11792245087472009,-0.05863321439332092,5.49655886608047e-5,0.08930333770020282,-0.09299874467807767,-0.14635597833697656,-0.12089058457294422,-0.2022287456921199,-0.06304892558386932,-0.19918268573731845,-0.08114195523736067,-0.24654098150360748,-0.08774436294546217,-0.06887434691864547,-0.032334973781599885,-0.018548929025389627,-0.07797260531139605,0.060705808737227196,-0.10488794694464165,-0.07523281040961405,0.0687391949619296,0.11398125469203446,0.21146045583613704,0.10906154268630108,-0.005034882061179635,0.08686870577472638,-0.007302844276431797,-0.00867861728834074,0.037509683297143104,-0.019198166134260175,0.1074257567132676,0.16292231334126472,0.05388270733681866,-0.016041409353423575,0.037486144771303964,0.06299454784985592,0.03303099307413615,0.049945777048136075,-0.025382147656548004,0.006855995621901256,0.033237948091365044,0.10625485815365532,-0.03225880754734145,0.02234695974927281,0.005086699107407,0.04322674656823233,-0.07944583758972179,0.08554141290623474,-0.1813456314975208,-0.030116436301387384,0.09017220187234298,-0.0031014611307398354,0.2634638612539626,0.05270239651118491,0.01296915213118377,-0.0896568785545857,0.013039748803372109,0.2565008942518202,0.11581068700143038,-0.003320275973226816,-0.007774655098203631,-0.001666483107615524,0.06333651749882674,0.16233728694306993,0.1402721875131251,-0.21587359130879236,0.19769571201057734,0.04028863787996939,-0.08316709629460228,0.027384301400086963,0.020713573031086674,-0.004873341750811777,0.10347991422487313,0.02318268839472193,0.04904934432660002,0.16652590040810855,0.04432506500195388,0.08993174788679503,0.11415539446954193,0.1909168644091519,-0.0066262500302851635,0.1586282215663224,0.19704891417479842,0.07961367722624635,0.015571896073011793,0.08141347350689276,0.05264877445381133,-0.08001039172526792,0.009359908500431668,-0.10039332618685703,0.06051780069942936,-0.09109197336566255,0.06968701451593717,0.03841168691238628,-0.00842138594752928,0.017009715308450635
1025,Treatment,0.022213136370650255,0.010795379093639923,0.0701043818778776,0.0242804021552534,0.004757257406872162,0.03420429344302489,-0.032192096701711304,0.006817651052882789,-0.014757494032914487,-0.007324165745017042,0.05985964672597144,0.001652862753326545,0.09566671694354856,-0.04835786183637392,0.018712855108433235,0.05770920019734782,-0.051518022308498335,-0.019785383947621193,0.10010821927695146,0.057551436495710595,0.028336393177131103,0.007731050826985442,0.012488195679157266,0.0488979774884728,0.01180003166804422,-0.0037399086588347785,0.05120071764225498,-0.018820029584910136,0.11376498449712846,-0.011269044904749448,0.06941127063932806,0.10322822465198267,0.0496876588970091,0.06494393303051993,0.02362048126077143,0.09024901346427261,-0.05041000746407798,0.004348000363540994,0.015992599064561075,0.022638881609601036,0.027480314766177516,0.0022048977733188924,0.04519104491711334,0.03287222758164143,0.012850969683791735,-0.02647489219521293,-0.07829866459054724,-0.06846870470767596,0.0936099590368541,0.014694911753912354,0.009650417474194484,0.0029859091965382945,-0.01310940280309969,0.032640308458900535,0.06252744427765067,0.057319840012405754,-0.009277619957851813,-0.00649110108400186,0.08009682285261721,0.024569919808302587,0.039990732987284616,0.06517138758178731,-0.0047949758289553834,0.05909269320132304,0.004897588045889245,-0.03419837847475904,-0.07758383004829761,-0.05932446814249048,-0.03933373651513805,-0.04626187707229801,-0.10184505475689232,-0.052291986718832506,-0.05107148277397311,-0.11487440353390466,-0.10635184847304446,-0.0869421355674378,-0.10846366744950553,-0.07613765716766074,0.01582844749050727,0.07609380493873408,8.757008544706402e-4,-0.01008645787995821,-0.0018213029681426463,-0.2888038043999106,0.006973558283226766,0.02287421903516096,0.016652760079303386,0.016353016734820702,-0.009239483333900012,-0.024290512627643368,0.05753463630875111,0.04405777230470831,0.05401145446132549,0.010599310282618069,-0.03941315422384528,-0.02400136206201764,0.06098547450831249,0.11845491951016562,0.026487687082820233,0.015526905885999698,0.025187939725958897,0.10068732648744083,0.03391921116784902,0.042505151440764055,0.04103717220449299,-0.024845128727761567,-0.04699033069390968,0.016448975043909186,0.03762800580115322,-0.0194897034970416,0.036512945749115455,0.005899050362962122,0.06065568870314686,0.24236788379850216,-0.03938498713069005,0.043890314941487985,0.02554284299025822,-0.008644942354258167,0.013993801481047119,0.0271120246181924,0.0382679107876982,0.02127903659243735,0.03755155370583274,-0.02407298535393254,0.12370478350807668,-0.10045759750387817,0.14012917056501106,0.08570792378451153,0.10794148676148696,0.03704378412692522,0.006473831896096294,0.043377249785485406,0.049468413334158634,0.03187286051889271,0.031720064741325826,0.10861438487866049,-0.04552571551621731,0.01318960194281249,0.051058689044555905,0.07189121947176302,0.06587733953843511,-0.009863684915931703,-0.01905098929620197,0.11420978363664758,-0.12473227315129076,-0.12375177952988636,-0.18365943507622995,-0.13374460056578674,0.06564746090078821,-0.11427838643582477,-0.0166727248169507,-0.12611540100881324,-0.04957645360839491,-0.1101598945967226,-0.08606172677636348,-0.04330017900497407,-0.05816288767271549
1027,Treatment,0.02424224999500746,0.03478692756199686,0.15560894829212857,-0.034298866428191244,-0.014705306855093636,-0.03446681049781297,0.015184459553365448,-0.06833463658411665,-0.03530572686949096,-0.011955243256745351,0.028878285494917555,-0.004533120389553558,-0.0016853075624312375,-0.09735954621684162,0.09591697962778212,0.13868628354207047,-0.046309696154326674,-0.04256102509712534,0.028218272740962003,0.05678668698437328,0.008742846298536389,0.054375070434909856,0.028783310494533476,-0.013107796333872157,-0.014312788747118388,0.024642285512302742,0.014261536558756838,-0.09082017454597957,0.06120248742015977,-0.07668240575237872,0.08921484611267039,0.053441713955517445,0.017105902821339947,0.0069836839467103395,0.08229218844653197,0.03167714630907237,0.07614897850964641,-0.051022440754931675,-0.07866045719115289,-0.027205933963539985,-0.03640199056195914,-0.05781268845569287,-0.02620076829121054,0.0019850075082775698,-0.009662524639018621,-0.008475762914767815,-0.17319837706027363,-0.05178001037571911,0.07635188514848046,0.06815190144925909,-0.10260089989051768,0.050189451486920555,0.05204328982946804,0.020147821988728776,-0.025518269011257977,0.008638360674639856,0.06257246389559634,0.02564008887851843,-0.08197654736757132,0.009414808651226458,0.03276323413872151,0.09740224693507149,-0.010912567425684028,0.11095510647736317,-0.1945013015075432,-0.004653408767230971,-0.028310778630412647,0.013639370014046692,-0.053433173743634876,0.07018506075226805,-0.020429631656851965,-0.08532045180482317,0.002276128447014969,-0.027527568383118428,0.026208346772081947,0.03039666231126681,0.011846519247133314,0.003528294026794554,0.09307292151547697,-0.019466841800332646,-0.005005823667222575,-0.011562479065899467,-0.010039778942463329,-0.04795401894715434,-0.0298282532137224,-0.1006907366404346,-0.011670726723190361,0.17752984188256093,0.16667969051426634,0.03353660124114999,-0.005873606105839091,0.026750131071506367,0.06266619117562144,0.11360042499012701,-0.03259956697744992,0.09750104785346414,0.02395675599127345,0.16277306490229992,0.03060868601986122,0.08113092350631412,0.022421017308723368,-0.0445754467146825,0.034102935203621954,-0.001756182264594952,-0.006093408087450847,0.03850364877256918,0.11062242653556642,-0.07005355142057457,0.09468782032656786,-0.16078271966681879,0.1615429054550488,0.0487637393937419,-0.01808391794860209,0.01410988849710293,0.12371125929356819,0.038197123808344946,-0.06598432318684466,0.07881965799132573,0.043928369694787084,-0.008385632217915662,0.012225555819810219,0.008246096278916815,0.013661739480035129,-0.027459215239338253,0.0895254324096415,-0.02869249567270571,0.0503998811440326,0.002784562781803279,-0.00758816600486778,0.05423514259892437,-0.02541698605398368,-0.013366641211434938,-0.03193147620991066,-0.010743890433927872,0.09164505575515891,0.11470449613784206,0.06496222738745083,0.045861645324679956,0.030225103848632195,0.06659592501535472,0.11824632145055014,-9.091766486113428e-6,0.17012271522083,0.01647933034263871,-0.001966081345551096,-0.01501841110704727,0.0240637410334803,0.007971522424888189,0.1613304152737678,0.023910497806043596,0.019541052326640163,0.03522758109960611,0.008285601075040727,0.02876619389577284,-0.0031761864191808264,0.06206449928161262,0.03446663523502058
1031,Treatment,-0.04577298851163669,0.07103283207063993,0.06094244167042728,-0.12654390927390613,-0.15397948919614968,0.030077919746481996,-2.0934420829588074e-4,0.34624607591641854,-0.03765030067282149,-0.08219205810168984,0.0703428315206468,0.04884944611522202,0.18574852472915093,0.005084354218705012,0.07324943572879072,0.06112743200122761,-0.15943514045409868,-0.006562296947822066,-0.10645891656294038,0.0322757953980497,0.013935264281704995,0.2498998561411202,-0.022528501753837582,0.09531667339356553,-0.07654390276575551,-0.07544882386169804,0.0036982634900326605,0.17335873407786684,0.19753090901759185,0.04643337941245351,-0.13195767131747627,0.16706089462129547,-0.05382985680826313,0.10041226438450068,-0.15951760651279967,0.00624330944876017,-0.020762852652333352,-0.18630453723642315,0.1430338431933118,-0.18521068252445338,-0.14012529064318668,-0.138734107307515,0.06011373095516326,0.015456861734798544,0.024675345042435848,0.12686171481784414,0.010123065859195757,0.1900813620048568,0.09966475286452714,0.1668649586145574,0.04044073265207926,-0.15516127458073958,-0.12037832281860761,-0.03602951315942893,0.04796304590000833,-0.004399814826997583,0.01588912006021015,-0.1072797530973495,-0.05076292605527177,-0.016727238597585292,-0.006778311508104484,-0.23837506101766648,0.08831783128605275,-0.035837203429651576,-0.04243726350564958,-0.00769011415843468,0.06803706690512357,0.060707893349084996,0.17402021292926695,0.15000303943618243,0.08310979447099442,0.031379402519357225,0.09757133283481956,0.1047802722307325,-0.02381819035611854,0.03796047189756058,0.07747875711710994,-0.004996119513130393,-0.0077899823197132845,0.06976304830700886,0.23071467721902272,-0.1730319867556308,-0.22375596958730548,-0.17442403692149866,-0.11978904421120229,0.27931810349375086,-0.06741669353175439,-0.03336797900848221,0.14468394308386112,0.004333785660536105,0.177271158800979,0.16099790749003196,-0.12561128738318383,-0.1319267156813786,-0.17411597478464746,-0.00479589396688862,-0.15489495728727154,-0.02113642400157656,0.010857512837335381,0.28804943035486774,-0.05018412732453026,0.1306687461867535,-0.10842459773183988,-0.0874580612605893,0.018120607158935265,0.07766476531289812,0.3172495677698566,0.005042835618495278,-0.15010446018127355,0.1931368015712922,-0.06472790148671237,-0.02892322249551782,-0.23132925568416662,0.04422693943498923,-0.06384059738143832,-0.25407507879026836,0.15999208722120173,-0.2072252415961673,-0.13290621221479704,-0.11070702917356723,0.037877726554613966,0.006868481628234946,0.005906193512783986,0.1309055968574726,-0.13758380278418225,0.16405185302468472,-0.01688625613753114,0.08784532625295527,0.09517793937989727,-0.05551019333502816,-0.18373288621898365,-0.049082666095921934,0.06239540388549025,-0.0928957066593965,-0.03154505338717872,-0.15466927434970135,-0.1703634107273495,-0.0629776912418365,0.033712721728335615,-0.3780572320319948,-0.14788912506750873,0.07764289110806355,-0.19490527271875402,-0.240103496247136,-0.10033195919112692,-0.015544754443823638,0.054936465902334586,0.2013390330922762,0.06553996888837754,0.11286042737939694,0.13906222703278825,0.20428311538150012,0.10496481730019314,0.017725162712455278,0.06389258019099997,0.16277428873597133,0.025134804453568638
1032,Treatment,-0.07791676871186004,0.007531797825928832,-0.24236396330169563,-0.20208160011137155,-0.273000791580984,-0.08229882878233363,-0.08570262365397785,0.4159353018205434,-0.0015634296801061431,-0.010011631261496401,-0.05309874106852919,-0.010634218785113836,-0.049054158333001086,-0.13960225382461267,0.015550769272462794,0.04559862518497826,0.055317230586478194,0.018612145810535385,0.010303348137294499,0.03119156254839739,-0.09353176897662241,-0.17594828307230692,-0.022569021787097354,0.09559484754610781,0.2334953512090464,-0.04465036859819749,-0.003986406710297485,0.07469746485362405,0.10362205124867008,-0.0312623225860833,0.07221470556247367,-0.11229046437894019,-0.0324149657235171,0.09605240441615892,-0.042398047219506685,-0.14222077187692694,0.051746933956833496,-0.14758745941988727,-0.06901247333526839,0.09463714497707365,-0.14680216383590616,0.20463684855937836,0.24634633649769666,-0.08607312848120618,-0.004449793108838862,0.1336906844730743,-0.08504646041940855,-0.10278553160528459,0.03173085813588605,-0.0718059544290317,0.0063172979192207546,-0.07945745103417601,-0.059276689046265485,0.013337174236844107,0.10018700271916381,-0.026456102396845926,0.02025663128643207,0.17444642734718185,-0.0520894552353286,-0.007220764966479276,-0.10524770802105077,-0.21636551002598348,0.057235932067242534,0.023870623599092755,0.21366621451672263,-0.05438525296274821,-0.018278081003128444,0.009877420792550717,0.06830551996849965,0.07449780545533269,0.08715387991379231,0.10123715691020863,0.049475327823713,0.08216720692083612,-0.04739323058950884,0.0052246851077761836,0.01497223043935425,-0.01256404826968438,-0.0018277195192387685,-0.1857397655491866,-0.2156117568616598,-0.15756414347308978,-0.1790793924229147,0.0478824149606325,-0.021151858441294857,0.4511328948425979,0.10471385632611407,0.06841640188618403,-0.08295768925672409,0.04917338018541484,-0.06321949738787458,-0.16659623118991174,0.052498241871933304,-0.08146513338346928,0.16830887005018513,0.11221902952046592,0.11700149972345919,0.08130339780353446,-0.03605083890497329,-0.1929015658839459,-0.06639569712541327,0.1705551594550142,0.23583107188252173,-0.09991155821992792,0.021258244372338586,0.06035545981325097,0.17558296899681558,-0.025866819218502313,0.09017896248779556,-0.08246433942885023,0.19477613750354716,0.1444438901599906,-0.10733284605879545,-0.20121241866200368,0.06824299113151044,0.06998960874104532,-0.027833160355327236,0.22995956788422212,0.08203539764845846,0.1757487097892393,0.08961167275221482,-0.13347314667856258,-0.026842125603820155,0.23067725559963437,-0.0016376742056734006,-0.10494711236787535,-0.013663260640988661,-0.15115724130561137,0.17607049532827523,-0.04983965991749528,-0.18450491862957963,-0.00860665590863341,0.012853736702787666,0.012652440766060757,0.029813259702342165,0.2017537275870156,-0.05276687136440583,0.014048696038337138,-0.03379918977329299,-0.4728021491460461,-0.060544187880116174,0.11000813978300983,0.07917162362384855,0.10713860106463435,7.396683529681258e-4,0.01763181914597789,0.005708350054640432,0.05387529820114878,0.07488093747636415,0.08677513620082089,0.05394847838230543,0.11500518456361997,0.05778991494709684,0.014131717638618202,0.030560821357759838,-0.05456836388659547,-0.00653953940944052
1035,Treatment,0.04931409512471974,0.06959480967133203,0.1842282036195243,7.874592390944013e-5,7.936365368212961e-4,-0.03138620906219303,0.05583992880649513,-0.06189671712848188,-0.020408457091414034,0.06231246521921552,0.08415804425370488,-0.03396950962716039,0.07525394988451184,0.07235542991569766,0.07402281082415163,0.13396071002136134,-0.09789025659755624,0.019582628371140665,-0.05320727199822417,0.006042776286850571,0.030591616859974358,0.012615673610029687,0.03193273175500194,-0.03968760102301827,-0.21212277548009073,0.01740780876875192,-0.03328847449025485,0.011442813007505936,0.031479768340065606,0.02448899928753856,0.05295214751998667,0.11804677612649495,0.07492907507867774,0.010759088588790933,-0.05289909823001748,-0.13819499547086145,0.05107771568429975,-0.034305581042084254,0.03358787339719149,0.02011060998012848,0.021688740008884544,-0.11980828797152654,-0.010278976842459375,0.005941150800720552,-0.03579225976638911,-0.09785762804525566,-0.016858728921721466,0.03508347201990736,0.06572786152210153,-0.13593199100094022,0.005260981173062618,-0.0028233805988160388,0.09030432305741254,0.03777978684494354,0.0024343968151894213,0.031821850496953075,0.06972116348230462,-0.0678440564228896,-0.08545064336778418,0.017639781556126555,0.0675156860562548,-0.005289178207554701,-0.0229927480861285,0.08301876521393858,-0.23262849943549213,-0.07945136474991066,-0.09722629969402363,-0.146384412796988,-0.13050453107130555,-0.027580513218487646,-0.07390691887520773,0.020805694548878373,-0.038404908592235776,-0.03977387093078799,-0.08688469327520965,-0.054596474459499555,0.007502744696410657,-0.018452490954730005,0.11626524667866112,-0.04516269379762328,-0.1109145328079344,0.012790123887234106,0.025151656231168662,0.24112309020864586,0.08466998592593045,-0.07378236632431379,0.09505174994292176,0.22296119172858841,0.1899268891412681,-0.01724722293381098,0.1545982115802922,0.028452043819956918,0.15320097276550348,0.18279138053578403,-0.09837942408847444,0.21019189770507996,-0.006984629325164193,0.035570634416786095,0.015959747990736295,-0.04062864952392553,-0.002895982269033315,-0.06702076468580309,-0.1914764629793413,-0.012108207015560257,-0.0891878533067092,-0.02500608144386174,-5.166776920861871e-5,-0.009066992916520356,0.09272864955847249,0.06869946900064772,0.12412260901867456,-0.011952818778048213,-0.10942608234620166,-0.29777214342325664,0.043799195093819576,0.04623307553720357,0.16900301431153475,0.024058560106113958,0.1817019309622998,-0.11304614238120947,0.038271412964080875,0.04391589949527275,8.710690419846401e-4,-0.03639710110253591,0.1180709181468742,-0.05463629998880393,0.03248605050462561,-0.2527562543505034,-0.06865609464415212,-0.05303300331958272,0.03621833135382502,0.022004576500298745,0.027028220959587235,0.07232778932107309,0.05495926322744671,-0.060577434558259924,0.23906095173151198,0.05539597300637522,-0.01929967949234812,0.02038763925976428,-0.03856419267980771,-0.0038948314586011445,0.23598750643718813,-0.058790133026840774,0.07138365367970967,0.002993777498998984,0.06240701126270798,-0.04583509112700157,-0.012106524438551869,-0.050880437282850854,0.00682027926652462,-0.011555696016659622,0.028446686214532946,-0.01944013120171717,0.049937873538274724,0.06460392082464206,-0.0409072071266694
1036,Treatment,0.01518455324067891,-0.1381951431153341,0.01020326590248144,-0.014309335155452296,-0.008802017088028191,-0.015168167927259502,-0.034339315518223,0.0014780103862706007,0.02957653761640011,-0.008655975466041355,0.01626236432407646,0.004151004153701843,-0.0788320195676464,0.04863952760388579,-0.007081970865384202,-0.03585852824495006,0.008825655824375778,-0.04998759252771068,0.012899455946121519,0.21665840262704533,-0.022803564917615482,0.09576619808614284,-0.01032561814805355,0.022211871445598552,0.22108216976981354,-0.005825626410149054,0.013564509871864416,0.00464739027225769,-0.1699098078471799,4.544845148146681e-4,0.014317027088230794,-0.016336107995917226,-0.05908090474788941,-0.012241154945667576,0.006804194173066991,0.08267453513778722,0.027067094584800167,0.06846541943588669,-0.03950327305288881,-0.06538507687243689,0.03980784245477098,0.22337890062613774,0.002710362380224929,0.02651891420645547,-0.003984682205133039,0.01168097714894234,-0.0727250954478118,0.09187559845710469,-0.005903449173263908,-0.022532161286358265,0.06516311358511828,0.06429420380051765,-0.014027478187957687,0.033347801177687764,-0.03315561145067136,-0.05883066251207325,0.01065499628315314,0.21947746053139094,-0.02944863124495045,-0.005892049671794242,-0.030976376189862598,-0.08234106229307281,0.00321778887864288,-0.06257708544377716,0.13606099652531967,0.014652306898754075,-0.08858502137586366,0.028896955640399957,-0.04890704287210834,-0.004915586344849787,-0.12837436655731782,-0.008200991572905103,-0.12746680670028754,0.026087604567362588,-0.07028837937830312,-0.0824778336357217,-0.032832796814341814,-0.08452591783777541,0.042973779951061886,-0.09824118286176942,-0.03956727689815587,-0.029603878763963642,-0.019986420007811145,0.137899319484037,-0.046695914302219754,0.019757774949809903,0.01751111756097634,-0.00934088924296994,0.014281682200622203,0.0289274991153623,0.10774242164779957,0.021794016974021502,0.03270297180884474,0.0843607238549533,0.007660350649332681,0.04145260491033387,0.07046904573422919,0.09438818794405712,0.03436566018239007,0.13178645954862866,0.017606538985753595,-0.0068392628536093625,0.1714758407508944,0.015804484822872444,0.061644446137745,0.05515043033396472,-0.11509283474321297,-0.044429464937796315,0.06472000699696168,0.006271644819669131,-0.07318361125173323,-0.07184282397758568,0.045776646871396265,0.10833898516862539,0.05736329697226639,5.533584550024839e-4,0.11624112896371774,-0.10358161369288921,0.06654750171427493,0.23278438178031757,0.03356774766950488,0.027306263451168822,-0.013136493385533132,-0.009239634314373024,0.1957934901166889,0.11636672943513338,0.10539604234828259,0.11651715336508484,-0.09559387782184792,0.0241720202260447,-0.00856266086939439,0.026796593336190777,-0.03013913218650266,-0.03534142843505006,0.02133417162713447,0.22401290840067123,0.0824868902628415,0.02831151299215262,0.06770738931227716,-0.009989860203183931,-0.10557059646132605,0.007429361083634234,0.05202250014820842,0.2031214263257325,0.03523301018740255,0.006816641546162572,0.007652294635449586,0.001989008388459723,-0.057441225126960704,-0.007220561214432708,-0.05653062331471448,-0.06887844401435994,-0.07501159142405811,-0.029678614985295004,-0.018085665225671566,-0.0604292688958592,-0.033164493409275075
